type=CONFIG_CHANGE msg=audit(1779746663.172:257): auid=1000 ses=1 subj=unconfined op=add_rule key="root_commands" list=4 res=1AUID="alumno"
type=SYSCALL msg=audit(1779746663.172:257): arch=c000003e syscall=44 success=yes exit=1072 a0=3 a1=7ffd37190a40 a2=430 a3=0 items=0 ppid=1225 pid=1239 auid=1000 uid=0 gid=0 euid=0 suid=0 fsuid=0 egid=0 sgid=0 fsgid=0 tty=pts1 ses=1 comm="auditctl" exe="/usr/sbin/auditctl" subj=unconfined key=(null)ARCH=x86_64 SYSCALL=sendto AUID="alumno" UID="root" GID="root" EUID="root" SUID="root" FSUID="root" EGID="root" SGID="root" FSGID="root"
type=SOCKADDR msg=audit(1779746663.172:257): saddr=100000000000000000000000SADDR={ saddr_fam=netlink nlnk-fam=16 nlnk-pid=0 }
type=PROCTITLE msg=audit(1779746663.172:257): proctitle=2F7362696E2F617564697463746C002D52002F6574632F61756469742F61756469742E72756C6573
type=SYSCALL msg=audit(1779746681.800:277): arch=c000003e syscall=59 success=yes exit=0 a0=55b32a747428 a1=55b32a7395c0 a2=55b32a74c5a0 a3=0 items=2 ppid=1248 pid=1249 auid=1000 uid=0 gid=0 euid=0 suid=0 fsuid=0 egid=0 sgid=0 fsgid=0 tty=pts1 ses=1 comm="auditctl" exe="/usr/sbin/auditctl" subj=unconfined key="root_commands"ARCH=x86_64 SYSCALL=execve AUID="alumno" UID="root" GID="root" EUID="root" SUID="root" FSUID="root" EGID="root" SGID="root" FSGID="root"
type=EXECVE msg=audit(1779746681.800:277): argc=2 a0="auditctl" a1="-l"
type=CWD msg=audit(1779746681.800:277): cwd="/home/alumno"
type=PATH msg=audit(1779746681.800:277): item=0 name="/usr/sbin/auditctl" inode=1221551 dev=08:02 mode=0100755 ouid=0 ogid=0 rdev=00:00 nametype=NORMAL cap_fp=0 cap_fi=0 cap_fe=0 cap_fver=0 cap_frootid=0OUID="root" OGID="root"
type=PATH msg=audit(1779746681.800:277): item=1 name="/lib64/ld-linux-x86-64.so.2" inode=1189749 dev=08:02 mode=0100755 ouid=0 ogid=0 rdev=00:00 nametype=NORMAL cap_fp=0 cap_fi=0 cap_fe=0 cap_fver=0 cap_frootid=0OUID="root" OGID="root"
type=PROCTITLE msg=audit(1779746681.800:277): proctitle=617564697463746C002D6C
type=SYSCALL msg=audit(1779746713.824:280): arch=c000003e syscall=59 success=yes exit=0 a0=c00013ecf0 a1=c000336d08 a2=c0008af140 a3=8 items=2 ppid=652 pid=1254 auid=4294967295 uid=0 gid=0 euid=0 suid=0 fsuid=0 egid=0 sgid=0 fsgid=0 tty=(none) ses=4294967295 comm="xdelta3" exe="/snap/snapd/21759/usr/bin/xdelta3" subj=unconfined key="root_commands"ARCH=x86_64 SYSCALL=execve AUID="unset" UID="root" GID="root" EUID="root" SUID="root" FSUID="root" EGID="root" SGID="root" FSGID="root"
type=EXECVE msg=audit(1779746713.824:280): argc=2 a0="/snap/snapd/current/usr/bin/xdelta3" a1="config"
type=CWD msg=audit(1779746713.824:280): cwd="/"
type=PATH msg=audit(1779746713.824:280): item=0 name="/snap/snapd/current/usr/bin/xdelta3" inode=106 dev=07:02 mode=0100755 ouid=0 ogid=0 rdev=00:00 nametype=NORMAL cap_fp=0 cap_fi=0 cap_fe=0 cap_fver=0 cap_frootid=0OUID="root" OGID="root"
type=PATH msg=audit(1779746713.824:280): item=1 name="/lib64/ld-linux-x86-64.so.2" inode=1189749 dev=08:02 mode=0100755 ouid=0 ogid=0 rdev=00:00 nametype=NORMAL cap_fp=0 cap_fi=0 cap_fe=0 cap_fver=0 cap_frootid=0OUID="root" OGID="root"
type=PROCTITLE msg=audit(1779746713.824:280): proctitle=2F736E61702F736E6170642F63757272656E742F7573722F62696E2F7864656C74613300636F6E666967
type=SYSCALL msg=audit(1779747001.352:282): arch=c000003e syscall=59 success=yes exit=0 a0=55708185eda0 a1=5570817252e0 a2=55708172a8c0 a3=7ffda7c25070 items=2 ppid=1 pid=1257 auid=4294967295 uid=0 gid=0 euid=0 suid=0 fsuid=0 egid=0 sgid=0 fsgid=0 tty=(none) ses=4294967295 comm="systemd-tmpfile" exe="/usr/bin/systemd-tmpfiles" subj=unconfined key="root_commands"ARCH=x86_64 SYSCALL=execve AUID="unset" UID="root" GID="root" EUID="root" SUID="root" FSUID="root" EGID="root" SGID="root" FSGID="root"
type=EXECVE msg=audit(1779747001.352:282): argc=2 a0="systemd-tmpfiles" a1="--clean"
type=CWD msg=audit(1779747001.352:282): cwd="/"
type=PATH msg=audit(1779747001.352:282): item=0 name="/usr/bin/systemd-tmpfiles" inode=1180501 dev=08:02 mode=0100755 ouid=0 ogid=0 rdev=00:00 nametype=NORMAL cap_fp=0 cap_fi=0 cap_fe=0 cap_fver=0 cap_frootid=0OUID="root" OGID="root"
type=PATH msg=audit(1779747001.352:282): item=1 name="/lib64/ld-linux-x86-64.so.2" inode=1189749 dev=08:02 mode=0100755 ouid=0 ogid=0 rdev=00:00 nametype=NORMAL cap_fp=0 cap_fi=0 cap_fe=0 cap_fver=0 cap_frootid=0OUID="root" OGID="root"
type=PROCTITLE msg=audit(1779747001.352:282): proctitle=73797374656D642D746D7066696C6573002D2D636C65616E
type=SYSCALL msg=audit(1779747406.360:314): arch=c000003e syscall=59 success=yes exit=0 a0=55ec15fd74f8 a1=55ec15fc95c0 a2=55ec15fdc1c0 a3=0 items=2 ppid=1277 pid=1278 auid=1000 uid=0 gid=0 euid=0 suid=0 fsuid=0 egid=0 sgid=0 fsgid=0 tty=pts1 ses=1 comm="ausearch" exe="/usr/sbin/ausearch" subj=unconfined key="root_commands"ARCH=x86_64 SYSCALL=execve AUID="alumno" UID="root" GID="root" EUID="root" SUID="root" FSUID="root" EGID="root" SGID="root" FSGID="root"
type=EXECVE msg=audit(1779747406.360:314): argc=4 a0="ausearch" a1="-k" a2="passwd_changes" a3="--raw"
type=CWD msg=audit(1779747406.360:314): cwd="/home/alumno"
type=PATH msg=audit(1779747406.360:314): item=0 name="/usr/sbin/ausearch" inode=1221555 dev=08:02 mode=0100755 ouid=0 ogid=0 rdev=00:00 nametype=NORMAL cap_fp=0 cap_fi=0 cap_fe=0 cap_fver=0 cap_frootid=0OUID="root" OGID="root"
type=PATH msg=audit(1779747406.360:314): item=1 name="/lib64/ld-linux-x86-64.so.2" inode=1189749 dev=08:02 mode=0100755 ouid=0 ogid=0 rdev=00:00 nametype=NORMAL cap_fp=0 cap_fi=0 cap_fe=0 cap_fver=0 cap_frootid=0OUID="root" OGID="root"
type=PROCTITLE msg=audit(1779747406.360:314): proctitle=6175736561726368002D6B007061737377645F6368616E676573002D2D726177
type=SYSCALL msg=audit(1779747421.904:328): arch=c000003e syscall=59 success=yes exit=0 a0=55ec0de5a5d6 a1=7ffcea61f070 a2=55ec0de5f480 a3=28 items=2 ppid=1281 pid=1282 auid=0 uid=0 gid=0 euid=0 suid=0 fsuid=0 egid=0 sgid=0 fsgid=0 tty=(none) ses=3 comm="sh" exe="/usr/bin/dash" subj=unconfined key="root_commands"ARCH=x86_64 SYSCALL=execve AUID="root" UID="root" GID="root" EUID="root" SUID="root" FSUID="root" EGID="root" SGID="root" FSGID="root"
type=EXECVE msg=audit(1779747421.904:328): argc=3 a0="/bin/sh" a1="-c" a2=2020206364202F2026262072756E2D7061727473202D2D7265706F7274202F6574632F63726F6E2E686F75726C79
type=CWD msg=audit(1779747421.904:328): cwd="/root"
type=PATH msg=audit(1779747421.904:328): item=0 name="/bin/sh" inode=1180235 dev=08:02 mode=0100755 ouid=0 ogid=0 rdev=00:00 nametype=NORMAL cap_fp=0 cap_fi=0 cap_fe=0 cap_fver=0 cap_frootid=0OUID="root" OGID="root"
type=PATH msg=audit(1779747421.904:328): item=1 name="/lib64/ld-linux-x86-64.so.2" inode=1189749 dev=08:02 mode=0100755 ouid=0 ogid=0 rdev=00:00 nametype=NORMAL cap_fp=0 cap_fi=0 cap_fe=0 cap_fver=0 cap_frootid=0OUID="root" OGID="root"
type=PROCTITLE msg=audit(1779747421.904:328): proctitle=2F62696E2F7368002D63002020206364202F2026262072756E2D7061727473202D2D7265706F7274202F6574632F63726F6E2E686F75726C79
type=SYSCALL msg=audit(1779747421.904:329): arch=c000003e syscall=59 success=yes exit=0 a0=5589f1b455c0 a1=5589f1b45560 a2=5589f1b45580 a3=8 items=2 ppid=1282 pid=1283 auid=0 uid=0 gid=0 euid=0 suid=0 fsuid=0 egid=0 sgid=0 fsgid=0 tty=(none) ses=3 comm="run-parts" exe="/usr/bin/run-parts" subj=unconfined key="root_commands"ARCH=x86_64 SYSCALL=execve AUID="root" UID="root" GID="root" EUID="root" SUID="root" FSUID="root" EGID="root" SGID="root" FSGID="root"
type=EXECVE msg=audit(1779747421.904:329): argc=3 a0="run-parts" a1="--report" a2="/etc/cron.hourly"
type=CWD msg=audit(1779747421.904:329): cwd="/"
type=PATH msg=audit(1779747421.904:329): item=0 name="/usr/bin/run-parts" inode=1180591 dev=08:02 mode=0100755 ouid=0 ogid=0 rdev=00:00 nametype=NORMAL cap_fp=0 cap_fi=0 cap_fe=0 cap_fver=0 cap_frootid=0OUID="root" OGID="root"
type=PATH msg=audit(1779747421.904:329): item=1 name="/lib64/ld-linux-x86-64.so.2" inode=1189749 dev=08:02 mode=0100755 ouid=0 ogid=0 rdev=00:00 nametype=NORMAL cap_fp=0 cap_fi=0 cap_fe=0 cap_fver=0 cap_frootid=0OUID="root" OGID="root"
type=PROCTITLE msg=audit(1779747421.904:329): proctitle=72756E2D7061727473002D2D7265706F7274002F6574632F63726F6E2E686F75726C79
type=SYSCALL msg=audit(1779747428.856:348): arch=c000003e syscall=59 success=yes exit=0 a0=55824c889518 a1=55824c87b5c0 a2=55824c88e1f0 a3=0 items=2 ppid=1285 pid=1286 auid=1000 uid=0 gid=0 euid=0 suid=0 fsuid=0 egid=0 sgid=0 fsgid=0 tty=pts1 ses=1 comm="ausearch" exe="/usr/sbin/ausearch" subj=unconfined key="root_commands"ARCH=x86_64 SYSCALL=execve AUID="alumno" UID="root" GID="root" EUID="root" SUID="root" FSUID="root" EGID="root" SGID="root" FSGID="root"
type=EXECVE msg=audit(1779747428.856:348): argc=5 a0="ausearch" a1="-k" a2="passwd_changes" a3="--format" a4="json"
type=CWD msg=audit(1779747428.856:348): cwd="/home/alumno"
type=PATH msg=audit(1779747428.856:348): item=0 name="/usr/sbin/ausearch" inode=1221555 dev=08:02 mode=0100755 ouid=0 ogid=0 rdev=00:00 nametype=NORMAL cap_fp=0 cap_fi=0 cap_fe=0 cap_fver=0 cap_frootid=0OUID="root" OGID="root"
type=PATH msg=audit(1779747428.856:348): item=1 name="/lib64/ld-linux-x86-64.so.2" inode=1189749 dev=08:02 mode=0100755 ouid=0 ogid=0 rdev=00:00 nametype=NORMAL cap_fp=0 cap_fi=0 cap_fe=0 cap_fver=0 cap_frootid=0OUID="root" OGID="root"
type=PROCTITLE msg=audit(1779747428.856:348): proctitle=6175736561726368002D6B007061737377645F6368616E676573002D2D666F726D6174006A736F6E
type=SYSCALL msg=audit(1779747500.148:367): arch=c000003e syscall=59 success=yes exit=0 a0=55fb543e2518 a1=55fb543d45c0 a2=55fb543e71e0 a3=0 items=2 ppid=1288 pid=1289 auid=1000 uid=0 gid=0 euid=0 suid=0 fsuid=0 egid=0 sgid=0 fsgid=0 tty=pts1 ses=1 comm="ausearch" exe="/usr/sbin/ausearch" subj=unconfined key="root_commands"ARCH=x86_64 SYSCALL=execve AUID="alumno" UID="root" GID="root" EUID="root" SUID="root" FSUID="root" EGID="root" SGID="root" FSGID="root"
type=EXECVE msg=audit(1779747500.148:367): argc=4 a0="ausearch" a1="-k" a2="passwd_changes" a3="--json"
type=CWD msg=audit(1779747500.148:367): cwd="/home/alumno"
type=PATH msg=audit(1779747500.148:367): item=0 name="/usr/sbin/ausearch" inode=1221555 dev=08:02 mode=0100755 ouid=0 ogid=0 rdev=00:00 nametype=NORMAL cap_fp=0 cap_fi=0 cap_fe=0 cap_fver=0 cap_frootid=0OUID="root" OGID="root"
type=PATH msg=audit(1779747500.148:367): item=1 name="/lib64/ld-linux-x86-64.so.2" inode=1189749 dev=08:02 mode=0100755 ouid=0 ogid=0 rdev=00:00 nametype=NORMAL cap_fp=0 cap_fi=0 cap_fe=0 cap_fver=0 cap_frootid=0OUID="root" OGID="root"
type=PROCTITLE msg=audit(1779747500.148:367): proctitle=6175736561726368002D6B007061737377645F6368616E676573002D2D6A736F6E
type=SYSCALL msg=audit(1779748053.732:376): arch=c000003e syscall=59 success=yes exit=0 a0=55861785d980 a1=5586178f6860 a2=55861785d9c0 a3=8 items=2 ppid=676 pid=1310 auid=4294967295 uid=0 gid=0 euid=0 suid=0 fsuid=0 egid=0 sgid=0 fsgid=0 tty=(none) ses=4294967295 comm="sshd" exe="/usr/sbin/sshd" subj=unconfined key="root_commands"ARCH=x86_64 SYSCALL=execve AUID="unset" UID="root" GID="root" EUID="root" SUID="root" FSUID="root" EGID="root" SGID="root" FSGID="root"
type=EXECVE msg=audit(1779748053.732:376): argc=3 a0="/usr/sbin/sshd" a1="-D" a2="-R"
type=CWD msg=audit(1779748053.732:376): cwd="/"
type=PATH msg=audit(1779748053.732:376): item=0 name="/usr/sbin/sshd" inode=1200678 dev=08:02 mode=0100755 ouid=0 ogid=0 rdev=00:00 nametype=NORMAL cap_fp=0 cap_fi=0 cap_fe=0 cap_fver=0 cap_frootid=0OUID="root" OGID="root"
type=PATH msg=audit(1779748053.732:376): item=1 name="/lib64/ld-linux-x86-64.so.2" inode=1189749 dev=08:02 mode=0100755 ouid=0 ogid=0 rdev=00:00 nametype=NORMAL cap_fp=0 cap_fi=0 cap_fe=0 cap_fver=0 cap_frootid=0OUID="root" OGID="root"
type=PROCTITLE msg=audit(1779748053.732:376): proctitle=2F7573722F7362696E2F73736864002D44002D52
type=SYSCALL msg=audit(1779748055.716:396): arch=c000003e syscall=59 success=yes exit=0 a0=7f1bd7890678 a1=7ffc5865f6d0 a2=55c31735b9f0 a3=8 items=2 ppid=1310 pid=1312 auid=1000 uid=0 gid=0 euid=0 suid=0 fsuid=0 egid=0 sgid=0 fsgid=0 tty=(none) ses=4 comm="sh" exe="/usr/bin/dash" subj=unconfined key="root_commands"ARCH=x86_64 SYSCALL=execve AUID="alumno" UID="root" GID="root" EUID="root" SUID="root" FSUID="root" EGID="root" SGID="root" FSGID="root"
type=EXECVE msg=audit(1779748055.716:396): argc=3 a0="sh" a1="-c" a2=2F7573722F62696E2F656E76202D6920504154483D2F7573722F6C6F63616C2F7362696E3A2F7573722F6C6F63616C2F62696E3A2F7573722F7362696E3A2F7573722F62696E3A2F7362696E3A2F62696E2072756E2D7061727473202D2D6C7362737973696E6974202F6574632F7570646174652D6D6F74642E64203E202F72756E2F6D6F74642E64796E616D69632E6E6577
type=CWD msg=audit(1779748055.716:396): cwd="/"
type=PATH msg=audit(1779748055.716:396): item=0 name="/bin/sh" inode=1180235 dev=08:02 mode=0100755 ouid=0 ogid=0 rdev=00:00 nametype=NORMAL cap_fp=0 cap_fi=0 cap_fe=0 cap_fver=0 cap_frootid=0OUID="root" OGID="root"
type=PATH msg=audit(1779748055.716:396): item=1 name="/lib64/ld-linux-x86-64.so.2" inode=1189749 dev=08:02 mode=0100755 ouid=0 ogid=0 rdev=00:00 nametype=NORMAL cap_fp=0 cap_fi=0 cap_fe=0 cap_fver=0 cap_frootid=0OUID="root" OGID="root"
type=PROCTITLE msg=audit(1779748055.716:396): proctitle=7368002D63002F7573722F62696E2F656E76202D6920504154483D2F7573722F6C6F63616C2F7362696E3A2F7573722F6C6F63616C2F62696E3A2F7573722F7362696E3A2F7573722F62696E3A2F7362696E3A2F62696E2072756E2D7061727473202D2D6C7362737973696E6974202F6574632F7570646174652D6D6F74642E
type=SYSCALL msg=audit(1779748055.720:397): arch=c000003e syscall=59 success=yes exit=0 a0=555d362955a8 a1=555d362956a8 a2=555d36295848 a3=8 items=2 ppid=1312 pid=1313 auid=1000 uid=0 gid=0 euid=0 suid=0 fsuid=0 egid=0 sgid=0 fsgid=0 tty=(none) ses=4 comm="env" exe="/usr/bin/env" subj=unconfined key="root_commands"ARCH=x86_64 SYSCALL=execve AUID="alumno" UID="root" GID="root" EUID="root" SUID="root" FSUID="root" EGID="root" SGID="root" FSGID="root"
type=EXECVE msg=audit(1779748055.720:397): argc=6 a0="/usr/bin/env" a1="-i" a2="PATH=/usr/local/sbin:/usr/local/bin:/usr/sbin:/usr/bin:/sbin:/bin" a3="run-parts" a4="--lsbsysinit" a5="/etc/update-motd.d"
type=CWD msg=audit(1779748055.720:397): cwd="/"
type=PATH msg=audit(1779748055.720:397): item=0 name="/usr/bin/env" inode=1211901 dev=08:02 mode=0100755 ouid=0 ogid=0 rdev=00:00 nametype=NORMAL cap_fp=0 cap_fi=0 cap_fe=0 cap_fver=0 cap_frootid=0OUID="root" OGID="root"
type=PATH msg=audit(1779748055.720:397): item=1 name="/lib64/ld-linux-x86-64.so.2" inode=1189749 dev=08:02 mode=0100755 ouid=0 ogid=0 rdev=00:00 nametype=NORMAL cap_fp=0 cap_fi=0 cap_fe=0 cap_fver=0 cap_frootid=0OUID="root" OGID="root"
type=PROCTITLE msg=audit(1779748055.720:397): proctitle=2F7573722F62696E2F656E76002D6900504154483D2F7573722F6C6F63616C2F7362696E3A2F7573722F6C6F63616C2F62696E3A2F7573722F7362696E3A2F7573722F62696E3A2F7362696E3A2F62696E0072756E2D7061727473002D2D6C7362737973696E6974002F6574632F7570646174652D6D6F74642E64
type=SYSCALL msg=audit(1779748055.720:398): arch=c000003e syscall=59 success=no exit=-2 a0=7ffd891c0360 a1=7ffd891c06c0 a2=560db383b550 a3=7f3d76ffe098 items=1 ppid=1312 pid=1313 auid=1000 uid=0 gid=0 euid=0 suid=0 fsuid=0 egid=0 sgid=0 fsgid=0 tty=(none) ses=4 comm="env" exe="/usr/bin/env" subj=unconfined key="root_commands"ARCH=x86_64 SYSCALL=execve AUID="alumno" UID="root" GID="root" EUID="root" SUID="root" FSUID="root" EGID="root" SGID="root" FSGID="root"
type=CWD msg=audit(1779748055.720:398): cwd="/"
type=PATH msg=audit(1779748055.720:398): item=0 name="/usr/local/sbin/run-parts" nametype=UNKNOWN cap_fp=0 cap_fi=0 cap_fe=0 cap_fver=0 cap_frootid=0
type=PROCTITLE msg=audit(1779748055.720:398): proctitle=2F7573722F62696E2F656E76002D6900504154483D2F7573722F6C6F63616C2F7362696E3A2F7573722F6C6F63616C2F62696E3A2F7573722F7362696E3A2F7573722F62696E3A2F7362696E3A2F62696E0072756E2D7061727473002D2D6C7362737973696E6974002F6574632F7570646174652D6D6F74642E64
type=SYSCALL msg=audit(1779748055.720:399): arch=c000003e syscall=59 success=no exit=-2 a0=7ffd891c0360 a1=7ffd891c06c0 a2=560db383b550 a3=7f3d76ffe098 items=1 ppid=1312 pid=1313 auid=1000 uid=0 gid=0 euid=0 suid=0 fsuid=0 egid=0 sgid=0 fsgid=0 tty=(none) ses=4 comm="env" exe="/usr/bin/env" subj=unconfined key="root_commands"ARCH=x86_64 SYSCALL=execve AUID="alumno" UID="root" GID="root" EUID="root" SUID="root" FSUID="root" EGID="root" SGID="root" FSGID="root"
type=CWD msg=audit(1779748055.720:399): cwd="/"
type=PATH msg=audit(1779748055.720:399): item=0 name="/usr/local/bin/run-parts" nametype=UNKNOWN cap_fp=0 cap_fi=0 cap_fe=0 cap_fver=0 cap_frootid=0
type=PROCTITLE msg=audit(1779748055.720:399): proctitle=2F7573722F62696E2F656E76002D6900504154483D2F7573722F6C6F63616C2F7362696E3A2F7573722F6C6F63616C2F62696E3A2F7573722F7362696E3A2F7573722F62696E3A2F7362696E3A2F62696E0072756E2D7061727473002D2D6C7362737973696E6974002F6574632F7570646174652D6D6F74642E64
type=SYSCALL msg=audit(1779748055.720:400): arch=c000003e syscall=59 success=no exit=-2 a0=7ffd891c0360 a1=7ffd891c06c0 a2=560db383b550 a3=7f3d76ffe098 items=1 ppid=1312 pid=1313 auid=1000 uid=0 gid=0 euid=0 suid=0 fsuid=0 egid=0 sgid=0 fsgid=0 tty=(none) ses=4 comm="env" exe="/usr/bin/env" subj=unconfined key="root_commands"ARCH=x86_64 SYSCALL=execve AUID="alumno" UID="root" GID="root" EUID="root" SUID="root" FSUID="root" EGID="root" SGID="root" FSGID="root"
type=CWD msg=audit(1779748055.720:400): cwd="/"
type=PATH msg=audit(1779748055.720:400): item=0 name="/usr/sbin/run-parts" nametype=UNKNOWN cap_fp=0 cap_fi=0 cap_fe=0 cap_fver=0 cap_frootid=0
type=PROCTITLE msg=audit(1779748055.720:400): proctitle=2F7573722F62696E2F656E76002D6900504154483D2F7573722F6C6F63616C2F7362696E3A2F7573722F6C6F63616C2F62696E3A2F7573722F7362696E3A2F7573722F62696E3A2F7362696E3A2F62696E0072756E2D7061727473002D2D6C7362737973696E6974002F6574632F7570646174652D6D6F74642E64
type=SYSCALL msg=audit(1779748055.720:401): arch=c000003e syscall=59 success=yes exit=0 a0=7ffd891c0360 a1=7ffd891c06c0 a2=560db383b550 a3=7f3d76ffe098 items=2 ppid=1312 pid=1313 auid=1000 uid=0 gid=0 euid=0 suid=0 fsuid=0 egid=0 sgid=0 fsgid=0 tty=(none) ses=4 comm="run-parts" exe="/usr/bin/run-parts" subj=unconfined key="root_commands"ARCH=x86_64 SYSCALL=execve AUID="alumno" UID="root" GID="root" EUID="root" SUID="root" FSUID="root" EGID="root" SGID="root" FSGID="root"
type=EXECVE msg=audit(1779748055.720:401): argc=3 a0="run-parts" a1="--lsbsysinit" a2="/etc/update-motd.d"
type=CWD msg=audit(1779748055.720:401): cwd="/"
type=PATH msg=audit(1779748055.720:401): item=0 name="/usr/bin/run-parts" inode=1180591 dev=08:02 mode=0100755 ouid=0 ogid=0 rdev=00:00 nametype=NORMAL cap_fp=0 cap_fi=0 cap_fe=0 cap_fver=0 cap_frootid=0OUID="root" OGID="root"
type=PATH msg=audit(1779748055.720:401): item=1 name="/lib64/ld-linux-x86-64.so.2" inode=1189749 dev=08:02 mode=0100755 ouid=0 ogid=0 rdev=00:00 nametype=NORMAL cap_fp=0 cap_fi=0 cap_fe=0 cap_fver=0 cap_frootid=0OUID="root" OGID="root"
type=PROCTITLE msg=audit(1779748055.720:401): proctitle=2F7573722F62696E2F656E76002D6900504154483D2F7573722F6C6F63616C2F7362696E3A2F7573722F6C6F63616C2F62696E3A2F7573722F7362696E3A2F7573722F62696E3A2F7362696E3A2F62696E0072756E2D7061727473002D2D6C7362737973696E6974002F6574632F7570646174652D6D6F74642E64
type=SYSCALL msg=audit(1779748055.724:402): arch=c000003e syscall=59 success=yes exit=0 a0=56444b3b3db0 a1=56444b3af2a0 a2=7fffe5e62c58 a3=8 items=3 ppid=1313 pid=1314 auid=1000 uid=0 gid=0 euid=0 suid=0 fsuid=0 egid=0 sgid=0 fsgid=0 tty=(none) ses=4 comm="00-header" exe="/usr/bin/dash" subj=unconfined key="root_commands"ARCH=x86_64 SYSCALL=execve AUID="alumno" UID="root" GID="root" EUID="root" SUID="root" FSUID="root" EGID="root" SGID="root" FSGID="root"
type=EXECVE msg=audit(1779748055.724:402): argc=2 a0="/bin/sh" a1="/etc/update-motd.d/00-header"
type=CWD msg=audit(1779748055.724:402): cwd="/"
type=PATH msg=audit(1779748055.724:402): item=0 name="/etc/update-motd.d/00-header" inode=1050010 dev=08:02 mode=0100755 ouid=0 ogid=0 rdev=00:00 nametype=NORMAL cap_fp=0 cap_fi=0 cap_fe=0 cap_fver=0 cap_frootid=0OUID="root" OGID="root"
type=PATH msg=audit(1779748055.724:402): item=1 name="/bin/sh" inode=1180235 dev=08:02 mode=0100755 ouid=0 ogid=0 rdev=00:00 nametype=NORMAL cap_fp=0 cap_fi=0 cap_fe=0 cap_fver=0 cap_frootid=0OUID="root" OGID="root"
type=PATH msg=audit(1779748055.724:402): item=2 name="/lib64/ld-linux-x86-64.so.2" inode=1189749 dev=08:02 mode=0100755 ouid=0 ogid=0 rdev=00:00 nametype=NORMAL cap_fp=0 cap_fi=0 cap_fe=0 cap_fver=0 cap_frootid=0OUID="root" OGID="root"
type=PROCTITLE msg=audit(1779748055.724:402): proctitle=2F62696E2F7368002F6574632F7570646174652D6D6F74642E642F30302D686561646572
type=SYSCALL msg=audit(1779748055.724:403): arch=c000003e syscall=59 success=yes exit=0 a0=5582d8d8a540 a1=5582d8d8a510 a2=5582d8d8a528 a3=5582d8d8c660 items=2 ppid=1314 pid=1315 auid=1000 uid=0 gid=0 euid=0 suid=0 fsuid=0 egid=0 sgid=0 fsgid=0 tty=(none) ses=4 comm="uname" exe="/usr/bin/uname" subj=unconfined key="root_commands"ARCH=x86_64 SYSCALL=execve AUID="alumno" UID="root" GID="root" EUID="root" SUID="root" FSUID="root" EGID="root" SGID="root" FSGID="root"
type=EXECVE msg=audit(1779748055.724:403): argc=2 a0="uname" a1="-o"
type=CWD msg=audit(1779748055.724:403): cwd="/"
type=PATH msg=audit(1779748055.724:403): item=0 name="/usr/bin/uname" inode=1211867 dev=08:02 mode=0100755 ouid=0 ogid=0 rdev=00:00 nametype=NORMAL cap_fp=0 cap_fi=0 cap_fe=0 cap_fver=0 cap_frootid=0OUID="root" OGID="root"
type=PATH msg=audit(1779748055.724:403): item=1 name="/lib64/ld-linux-x86-64.so.2" inode=1189749 dev=08:02 mode=0100755 ouid=0 ogid=0 rdev=00:00 nametype=NORMAL cap_fp=0 cap_fi=0 cap_fe=0 cap_fver=0 cap_frootid=0OUID="root" OGID="root"
type=PROCTITLE msg=audit(1779748055.724:403): proctitle=756E616D65002D6F
type=SYSCALL msg=audit(1779748055.728:404): arch=c000003e syscall=59 success=yes exit=0 a0=5582d8d8a560 a1=5582d8d8a530 a2=5582d8d8a548 a3=5582d8d8c660 items=2 ppid=1314 pid=1316 auid=1000 uid=0 gid=0 euid=0 suid=0 fsuid=0 egid=0 sgid=0 fsgid=0 tty=(none) ses=4 comm="uname" exe="/usr/bin/uname" subj=unconfined key="root_commands"ARCH=x86_64 SYSCALL=execve AUID="alumno" UID="root" GID="root" EUID="root" SUID="root" FSUID="root" EGID="root" SGID="root" FSGID="root"
type=EXECVE msg=audit(1779748055.728:404): argc=2 a0="uname" a1="-r"
type=CWD msg=audit(1779748055.728:404): cwd="/"
type=PATH msg=audit(1779748055.728:404): item=0 name="/usr/bin/uname" inode=1211867 dev=08:02 mode=0100755 ouid=0 ogid=0 rdev=00:00 nametype=NORMAL cap_fp=0 cap_fi=0 cap_fe=0 cap_fver=0 cap_frootid=0OUID="root" OGID="root"
type=PATH msg=audit(1779748055.728:404): item=1 name="/lib64/ld-linux-x86-64.so.2" inode=1189749 dev=08:02 mode=0100755 ouid=0 ogid=0 rdev=00:00 nametype=NORMAL cap_fp=0 cap_fi=0 cap_fe=0 cap_fver=0 cap_frootid=0OUID="root" OGID="root"
type=PROCTITLE msg=audit(1779748055.728:404): proctitle=756E616D65002D72
type=SYSCALL msg=audit(1779748055.728:405): arch=c000003e syscall=59 success=yes exit=0 a0=5582d8d8a798 a1=5582d8d8a558 a2=5582d8d8a570 a3=5582d8d8c660 items=2 ppid=1314 pid=1317 auid=1000 uid=0 gid=0 euid=0 suid=0 fsuid=0 egid=0 sgid=0 fsgid=0 tty=(none) ses=4 comm="uname" exe="/usr/bin/uname" subj=unconfined key="root_commands"ARCH=x86_64 SYSCALL=execve AUID="alumno" UID="root" GID="root" EUID="root" SUID="root" FSUID="root" EGID="root" SGID="root" FSGID="root"
type=EXECVE msg=audit(1779748055.728:405): argc=2 a0="uname" a1="-m"
type=CWD msg=audit(1779748055.728:405): cwd="/"
type=PATH msg=audit(1779748055.728:405): item=0 name="/usr/bin/uname" inode=1211867 dev=08:02 mode=0100755 ouid=0 ogid=0 rdev=00:00 nametype=NORMAL cap_fp=0 cap_fi=0 cap_fe=0 cap_fver=0 cap_frootid=0OUID="root" OGID="root"
type=PATH msg=audit(1779748055.728:405): item=1 name="/lib64/ld-linux-x86-64.so.2" inode=1189749 dev=08:02 mode=0100755 ouid=0 ogid=0 rdev=00:00 nametype=NORMAL cap_fp=0 cap_fi=0 cap_fe=0 cap_fver=0 cap_frootid=0OUID="root" OGID="root"
type=PROCTITLE msg=audit(1779748055.728:405): proctitle=756E616D65002D6D
type=SYSCALL msg=audit(1779748055.732:406): arch=c000003e syscall=59 success=yes exit=0 a0=56444b3b3db0 a1=56444b3af2a0 a2=7fffe5e62c58 a3=8 items=3 ppid=1313 pid=1318 auid=1000 uid=0 gid=0 euid=0 suid=0 fsuid=0 egid=0 sgid=0 fsgid=0 tty=(none) ses=4 comm="10-help-text" exe="/usr/bin/dash" subj=unconfined key="root_commands"ARCH=x86_64 SYSCALL=execve AUID="alumno" UID="root" GID="root" EUID="root" SUID="root" FSUID="root" EGID="root" SGID="root" FSGID="root"
type=EXECVE msg=audit(1779748055.732:406): argc=2 a0="/bin/sh" a1="/etc/update-motd.d/10-help-text"
type=CWD msg=audit(1779748055.732:406): cwd="/"
type=PATH msg=audit(1779748055.732:406): item=0 name="/etc/update-motd.d/10-help-text" inode=1050011 dev=08:02 mode=0100755 ouid=0 ogid=0 rdev=00:00 nametype=NORMAL cap_fp=0 cap_fi=0 cap_fe=0 cap_fver=0 cap_frootid=0OUID="root" OGID="root"
type=PATH msg=audit(1779748055.732:406): item=1 name="/bin/sh" inode=1180235 dev=08:02 mode=0100755 ouid=0 ogid=0 rdev=00:00 nametype=NORMAL cap_fp=0 cap_fi=0 cap_fe=0 cap_fver=0 cap_frootid=0OUID="root" OGID="root"
type=PATH msg=audit(1779748055.732:406): item=2 name="/lib64/ld-linux-x86-64.so.2" inode=1189749 dev=08:02 mode=0100755 ouid=0 ogid=0 rdev=00:00 nametype=NORMAL cap_fp=0 cap_fi=0 cap_fe=0 cap_fver=0 cap_frootid=0OUID="root" OGID="root"
type=PROCTITLE msg=audit(1779748055.732:406): proctitle=2F62696E2F7368002F6574632F7570646174652D6D6F74642E642F31302D68656C702D74657874
type=SYSCALL msg=audit(1779748055.732:407): arch=c000003e syscall=59 success=yes exit=0 a0=56444b3b3db0 a1=56444b3af2a0 a2=7fffe5e62c58 a3=8 items=3 ppid=1313 pid=1319 auid=1000 uid=0 gid=0 euid=0 suid=0 fsuid=0 egid=0 sgid=0 fsgid=0 tty=(none) ses=4 comm="50-landscape-sy" exe="/usr/bin/dash" subj=unconfined key="root_commands"ARCH=x86_64 SYSCALL=execve AUID="alumno" UID="root" GID="root" EUID="root" SUID="root" FSUID="root" EGID="root" SGID="root" FSGID="root"
type=EXECVE msg=audit(1779748055.732:407): argc=2 a0="/bin/sh" a1="/etc/update-motd.d/50-landscape-sysinfo"
type=CWD msg=audit(1779748055.732:407): cwd="/"
type=PATH msg=audit(1779748055.732:407): item=0 name="/etc/update-motd.d/50-landscape-sysinfo" inode=1185023 dev=08:02 mode=0100755 ouid=0 ogid=0 rdev=00:00 nametype=NORMAL cap_fp=0 cap_fi=0 cap_fe=0 cap_fver=0 cap_frootid=0OUID="root" OGID="root"
type=PATH msg=audit(1779748055.732:407): item=1 name="/bin/sh" inode=1180235 dev=08:02 mode=0100755 ouid=0 ogid=0 rdev=00:00 nametype=NORMAL cap_fp=0 cap_fi=0 cap_fe=0 cap_fver=0 cap_frootid=0OUID="root" OGID="root"
type=PATH msg=audit(1779748055.732:407): item=2 name="/lib64/ld-linux-x86-64.so.2" inode=1189749 dev=08:02 mode=0100755 ouid=0 ogid=0 rdev=00:00 nametype=NORMAL cap_fp=0 cap_fi=0 cap_fe=0 cap_fver=0 cap_frootid=0OUID="root" OGID="root"
type=PROCTITLE msg=audit(1779748055.732:407): proctitle=2F62696E2F7368002F6574632F7570646174652D6D6F74642E642F35302D6C616E6473636170652D737973696E666F
type=SYSCALL msg=audit(1779748055.736:408): arch=c000003e syscall=59 success=yes exit=0 a0=55a47f53a728 a1=55a47f53a6c8 a2=55a47f53a710 a3=0 items=2 ppid=1319 pid=1320 auid=1000 uid=0 gid=0 euid=0 suid=0 fsuid=0 egid=0 sgid=0 fsgid=0 tty=(none) ses=4 comm="find" exe="/usr/bin/find" subj=unconfined key="root_commands"ARCH=x86_64 SYSCALL=execve AUID="alumno" UID="root" GID="root" EUID="root" SUID="root" FSUID="root" EGID="root" SGID="root" FSGID="root"
type=EXECVE msg=audit(1779748055.736:408): argc=4 a0="find" a1="/var/lib/landscape/landscape-sysinfo.cache" a2="-newermt" a3=6E6F772D31206D696E75746573
type=CWD msg=audit(1779748055.736:408): cwd="/"
type=PATH msg=audit(1779748055.736:408): item=0 name="/usr/bin/find" inode=1180306 dev=08:02 mode=0100755 ouid=0 ogid=0 rdev=00:00 nametype=NORMAL cap_fp=0 cap_fi=0 cap_fe=0 cap_fver=0 cap_frootid=0OUID="root" OGID="root"
type=PATH msg=audit(1779748055.736:408): item=1 name="/lib64/ld-linux-x86-64.so.2" inode=1189749 dev=08:02 mode=0100755 ouid=0 ogid=0 rdev=00:00 nametype=NORMAL cap_fp=0 cap_fi=0 cap_fe=0 cap_fver=0 cap_frootid=0OUID="root" OGID="root"
type=PROCTITLE msg=audit(1779748055.736:408): proctitle=66696E64002F7661722F6C69622F6C616E6473636170652F6C616E6473636170652D737973696E666F2E6361636865002D6E657765726D74006E6F772D31206D696E75746573
type=SYSCALL msg=audit(1779748055.736:409): arch=c000003e syscall=59 success=yes exit=0 a0=55a47f53c040 a1=55a47f53bfd8 a2=55a47f53c020 a3=55a47f53e130 items=2 ppid=1319 pid=1321 auid=1000 uid=0 gid=0 euid=0 suid=0 fsuid=0 egid=0 sgid=0 fsgid=0 tty=(none) ses=4 comm="grep" exe="/usr/bin/grep" subj=unconfined key="root_commands"ARCH=x86_64 SYSCALL=execve AUID="alumno" UID="root" GID="root" EUID="root" SUID="root" FSUID="root" EGID="root" SGID="root" FSGID="root"
type=EXECVE msg=audit(1779748055.736:409): argc=4 a0="grep" a1="-c" a2="^processor" a3="/proc/cpuinfo"
type=CWD msg=audit(1779748055.736:409): cwd="/"
type=PATH msg=audit(1779748055.736:409): item=0 name="/usr/bin/grep" inode=1180343 dev=08:02 mode=0100755 ouid=0 ogid=0 rdev=00:00 nametype=NORMAL cap_fp=0 cap_fi=0 cap_fe=0 cap_fver=0 cap_frootid=0OUID="root" OGID="root"
type=PATH msg=audit(1779748055.736:409): item=1 name="/lib64/ld-linux-x86-64.so.2" inode=1189749 dev=08:02 mode=0100755 ouid=0 ogid=0 rdev=00:00 nametype=NORMAL cap_fp=0 cap_fi=0 cap_fe=0 cap_fver=0 cap_frootid=0OUID="root" OGID="root"
type=PROCTITLE msg=audit(1779748055.736:409): proctitle=67726570002D63005E70726F636573736F72002F70726F632F637075696E666F
type=SYSCALL msg=audit(1779748055.740:410): arch=c000003e syscall=59 success=yes exit=0 a0=55a47f53bfb0 a1=55a47f53bf80 a2=55a47f53bf90 a3=55a47f53e130 items=2 ppid=1322 pid=1324 auid=1000 uid=0 gid=0 euid=0 suid=0 fsuid=0 egid=0 sgid=0 fsgid=0 tty=(none) ses=4 comm="bc" exe="/usr/bin/bc" subj=unconfined key="root_commands"ARCH=x86_64 SYSCALL=execve AUID="alumno" UID="root" GID="root" EUID="root" SUID="root" FSUID="root" EGID="root" SGID="root" FSGID="root"
type=EXECVE msg=audit(1779748055.740:410): argc=1 a0="bc"
type=CWD msg=audit(1779748055.740:410): cwd="/"
type=PATH msg=audit(1779748055.740:410): item=0 name="/usr/bin/bc" inode=1180152 dev=08:02 mode=0100755 ouid=0 ogid=0 rdev=00:00 nametype=NORMAL cap_fp=0 cap_fi=0 cap_fe=0 cap_fver=0 cap_frootid=0OUID="root" OGID="root"
type=PATH msg=audit(1779748055.740:410): item=1 name="/lib64/ld-linux-x86-64.so.2" inode=1189749 dev=08:02 mode=0100755 ouid=0 ogid=0 rdev=00:00 nametype=NORMAL cap_fp=0 cap_fi=0 cap_fe=0 cap_fver=0 cap_frootid=0OUID="root" OGID="root"
type=PROCTITLE msg=audit(1779748055.740:410): proctitle="bc"
type=SYSCALL msg=audit(1779748055.740:411): arch=c000003e syscall=59 success=yes exit=0 a0=55a47f53c058 a1=55a47f53c008 a2=55a47f53c038 a3=0 items=2 ppid=1323 pid=1325 auid=1000 uid=0 gid=0 euid=0 suid=0 fsuid=0 egid=0 sgid=0 fsgid=0 tty=(none) ses=4 comm="cut" exe="/usr/bin/cut" subj=unconfined key="root_commands"ARCH=x86_64 SYSCALL=execve AUID="alumno" UID="root" GID="root" EUID="root" SUID="root" FSUID="root" EGID="root" SGID="root" FSGID="root"
type=EXECVE msg=audit(1779748055.740:411): argc=5 a0="cut" a1="-f1" a2="-d" a3=20 a4="/proc/loadavg"
type=CWD msg=audit(1779748055.740:411): cwd="/"
type=PATH msg=audit(1779748055.740:411): item=0 name="/usr/bin/cut" inode=1211893 dev=08:02 mode=0100755 ouid=0 ogid=0 rdev=00:00 nametype=NORMAL cap_fp=0 cap_fi=0 cap_fe=0 cap_fver=0 cap_frootid=0OUID="root" OGID="root"
type=PATH msg=audit(1779748055.740:411): item=1 name="/lib64/ld-linux-x86-64.so.2" inode=1189749 dev=08:02 mode=0100755 ouid=0 ogid=0 rdev=00:00 nametype=NORMAL cap_fp=0 cap_fi=0 cap_fe=0 cap_fver=0 cap_frootid=0OUID="root" OGID="root"
type=PROCTITLE msg=audit(1779748055.740:411): proctitle=637574002D6631002D640020002F70726F632F6C6F6164617667
type=SYSCALL msg=audit(1779748055.744:412): arch=c000003e syscall=59 success=yes exit=0 a0=55a47f53bfc8 a1=55a47f53bff0 a2=55a47f53c000 a3=a items=2 ppid=1326 pid=1327 auid=1000 uid=0 gid=0 euid=0 suid=0 fsuid=0 egid=0 sgid=0 fsgid=0 tty=(none) ses=4 comm="date" exe="/usr/bin/date" subj=unconfined key="root_commands"ARCH=x86_64 SYSCALL=execve AUID="alumno" UID="root" GID="root" EUID="root" SUID="root" FSUID="root" EGID="root" SGID="root" FSGID="root"
type=EXECVE msg=audit(1779748055.744:412): argc=1 a0="/bin/date"
type=CWD msg=audit(1779748055.744:412): cwd="/"
type=PATH msg=audit(1779748055.744:412): item=0 name="/bin/date" inode=1211825 dev=08:02 mode=0100755 ouid=0 ogid=0 rdev=00:00 nametype=NORMAL cap_fp=0 cap_fi=0 cap_fe=0 cap_fver=0 cap_frootid=0OUID="root" OGID="root"
type=PATH msg=audit(1779748055.744:412): item=1 name="/lib64/ld-linux-x86-64.so.2" inode=1189749 dev=08:02 mode=0100755 ouid=0 ogid=0 rdev=00:00 nametype=NORMAL cap_fp=0 cap_fi=0 cap_fe=0 cap_fver=0 cap_frootid=0OUID="root" OGID="root"
type=PROCTITLE msg=audit(1779748055.744:412): proctitle="/bin/date"
type=SYSCALL msg=audit(1779748055.748:413): arch=c000003e syscall=59 success=yes exit=0 a0=55a47f53c000 a1=55a47f53c038 a2=55a47f53c048 a3=1b items=3 ppid=1326 pid=1328 auid=1000 uid=0 gid=0 euid=0 suid=0 fsuid=0 egid=0 sgid=0 fsgid=0 tty=(none) ses=4 comm="landscape-sysin" exe="/usr/bin/python3.10" subj=unconfined key="root_commands"ARCH=x86_64 SYSCALL=execve AUID="alumno" UID="root" GID="root" EUID="root" SUID="root" FSUID="root" EGID="root" SGID="root" FSGID="root"
type=EXECVE msg=audit(1779748055.748:413): argc=2 a0="/usr/bin/python3" a1="/usr/bin/landscape-sysinfo"
type=CWD msg=audit(1779748055.748:413): cwd="/"
type=PATH msg=audit(1779748055.748:413): item=0 name="/usr/bin/landscape-sysinfo" inode=1181034 dev=08:02 mode=0100755 ouid=0 ogid=0 rdev=00:00 nametype=NORMAL cap_fp=0 cap_fi=0 cap_fe=0 cap_fver=0 cap_frootid=0OUID="root" OGID="root"
type=PATH msg=audit(1779748055.748:413): item=1 name="/usr/bin/python3" inode=1179746 dev=08:02 mode=0100755 ouid=0 ogid=0 rdev=00:00 nametype=NORMAL cap_fp=0 cap_fi=0 cap_fe=0 cap_fver=0 cap_frootid=0OUID="root" OGID="root"
type=PATH msg=audit(1779748055.748:413): item=2 name="/lib64/ld-linux-x86-64.so.2" inode=1189749 dev=08:02 mode=0100755 ouid=0 ogid=0 rdev=00:00 nametype=NORMAL cap_fp=0 cap_fi=0 cap_fe=0 cap_fver=0 cap_frootid=0OUID="root" OGID="root"
type=PROCTITLE msg=audit(1779748055.748:413): proctitle=2F7573722F62696E2F707974686F6E33002F7573722F62696E2F6C616E6473636170652D737973696E666F
type=SYSCALL msg=audit(1779748055.980:415): arch=c000003e syscall=59 success=no exit=-2 a0=7f03162de250 a1=7f0317859a90 a2=7f03161f4490 a3=56326ed230d5 items=1 ppid=1328 pid=1330 auid=1000 uid=0 gid=0 euid=0 suid=0 fsuid=0 egid=0 sgid=0 fsgid=0 tty=(none) ses=4 comm="landscape-sysin" exe="/usr/bin/python3.10" subj=unconfined key="root_commands"ARCH=x86_64 SYSCALL=execve AUID="alumno" UID="root" GID="root" EUID="root" SUID="root" FSUID="root" EGID="root" SGID="root" FSGID="root"
type=CWD msg=audit(1779748055.980:415): cwd="/"
type=PATH msg=audit(1779748055.980:415): item=0 name="/usr/local/sbin/who" nametype=UNKNOWN cap_fp=0 cap_fi=0 cap_fe=0 cap_fver=0 cap_frootid=0
type=PROCTITLE msg=audit(1779748055.980:415): proctitle=2F7573722F62696E2F707974686F6E33002F7573722F62696E2F6C616E6473636170652D737973696E666F
type=SYSCALL msg=audit(1779748055.980:416): arch=c000003e syscall=59 success=no exit=-2 a0=7f0316218710 a1=7f0317859a90 a2=7f03161f4490 a3=56326ed230d5 items=1 ppid=1328 pid=1330 auid=1000 uid=0 gid=0 euid=0 suid=0 fsuid=0 egid=0 sgid=0 fsgid=0 tty=(none) ses=4 comm="landscape-sysin" exe="/usr/bin/python3.10" subj=unconfined key="root_commands"ARCH=x86_64 SYSCALL=execve AUID="alumno" UID="root" GID="root" EUID="root" SUID="root" FSUID="root" EGID="root" SGID="root" FSGID="root"
type=CWD msg=audit(1779748055.980:416): cwd="/"
type=PATH msg=audit(1779748055.980:416): item=0 name="/usr/local/bin/who" nametype=UNKNOWN cap_fp=0 cap_fi=0 cap_fe=0 cap_fver=0 cap_frootid=0
type=PROCTITLE msg=audit(1779748055.980:416): proctitle=2F7573722F62696E2F707974686F6E33002F7573722F62696E2F6C616E6473636170652D737973696E666F
type=SYSCALL msg=audit(1779748055.980:417): arch=c000003e syscall=59 success=no exit=-2 a0=7f03162148c0 a1=7f0317859a90 a2=7f03161f4490 a3=56326ed230d5 items=1 ppid=1328 pid=1330 auid=1000 uid=0 gid=0 euid=0 suid=0 fsuid=0 egid=0 sgid=0 fsgid=0 tty=(none) ses=4 comm="landscape-sysin" exe="/usr/bin/python3.10" subj=unconfined key="root_commands"ARCH=x86_64 SYSCALL=execve AUID="alumno" UID="root" GID="root" EUID="root" SUID="root" FSUID="root" EGID="root" SGID="root" FSGID="root"
type=CWD msg=audit(1779748055.980:417): cwd="/"
type=PATH msg=audit(1779748055.980:417): item=0 name="/usr/sbin/who" nametype=UNKNOWN cap_fp=0 cap_fi=0 cap_fe=0 cap_fver=0 cap_frootid=0
type=PROCTITLE msg=audit(1779748055.980:417): proctitle=2F7573722F62696E2F707974686F6E33002F7573722F62696E2F6C616E6473636170652D737973696E666F
type=SYSCALL msg=audit(1779748055.984:418): arch=c000003e syscall=59 success=yes exit=0 a0=7f03162148f0 a1=7f0317859a90 a2=7f03161f4490 a3=56326ed230d5 items=2 ppid=1328 pid=1330 auid=1000 uid=0 gid=0 euid=0 suid=0 fsuid=0 egid=0 sgid=0 fsgid=0 tty=(none) ses=4 comm="who" exe="/usr/bin/who" subj=unconfined key="root_commands"ARCH=x86_64 SYSCALL=execve AUID="alumno" UID="root" GID="root" EUID="root" SUID="root" FSUID="root" EGID="root" SGID="root" FSGID="root"
type=EXECVE msg=audit(1779748055.984:418): argc=2 a0="who" a1="-q"
type=CWD msg=audit(1779748055.984:418): cwd="/"
type=PATH msg=audit(1779748055.984:418): item=0 name="/usr/bin/who" inode=1212018 dev=08:02 mode=0100755 ouid=0 ogid=0 rdev=00:00 nametype=NORMAL cap_fp=0 cap_fi=0 cap_fe=0 cap_fver=0 cap_frootid=0OUID="root" OGID="root"
type=PATH msg=audit(1779748055.984:418): item=1 name="/lib64/ld-linux-x86-64.so.2" inode=1189749 dev=08:02 mode=0100755 ouid=0 ogid=0 rdev=00:00 nametype=NORMAL cap_fp=0 cap_fi=0 cap_fe=0 cap_fver=0 cap_frootid=0OUID="root" OGID="root"
type=PROCTITLE msg=audit(1779748055.984:418): proctitle=2F7573722F62696E2F707974686F6E33002F7573722F62696E2F6C616E6473636170652D737973696E666F
type=SYSCALL msg=audit(1779748056.040:419): arch=c000003e syscall=59 success=yes exit=0 a0=55a47f53c028 a1=55a47f53bfc8 a2=55a47f53c008 a3=8 items=2 ppid=1319 pid=1331 auid=1000 uid=0 gid=0 euid=0 suid=0 fsuid=0 egid=0 sgid=0 fsgid=0 tty=(none) ses=4 comm="chmod" exe="/usr/bin/chmod" subj=unconfined key="root_commands"ARCH=x86_64 SYSCALL=execve AUID="alumno" UID="root" GID="root" EUID="root" SUID="root" FSUID="root" EGID="root" SGID="root" FSGID="root"
type=EXECVE msg=audit(1779748056.040:419): argc=3 a0="chmod" a1="0644" a2="/var/lib/landscape/landscape-sysinfo.cache"
type=CWD msg=audit(1779748056.040:419): cwd="/"
type=PATH msg=audit(1779748056.040:419): item=0 name="/usr/bin/chmod" inode=1211819 dev=08:02 mode=0100755 ouid=0 ogid=0 rdev=00:00 nametype=NORMAL cap_fp=0 cap_fi=0 cap_fe=0 cap_fver=0 cap_frootid=0OUID="root" OGID="root"
type=PATH msg=audit(1779748056.040:419): item=1 name="/lib64/ld-linux-x86-64.so.2" inode=1189749 dev=08:02 mode=0100755 ouid=0 ogid=0 rdev=00:00 nametype=NORMAL cap_fp=0 cap_fi=0 cap_fe=0 cap_fver=0 cap_frootid=0OUID="root" OGID="root"
type=PROCTITLE msg=audit(1779748056.040:419): proctitle=63686D6F640030363434002F7661722F6C69622F6C616E6473636170652F6C616E6473636170652D737973696E666F2E6361636865
type=SYSCALL msg=audit(1779748056.044:420): arch=c000003e syscall=59 success=yes exit=0 a0=56444b3b3db0 a1=56444b3af2a0 a2=7fffe5e62c58 a3=8 items=3 ppid=1313 pid=1332 auid=1000 uid=0 gid=0 euid=0 suid=0 fsuid=0 egid=0 sgid=0 fsgid=0 tty=(none) ses=4 comm="50-motd-news" exe="/usr/bin/dash" subj=unconfined key="root_commands"ARCH=x86_64 SYSCALL=execve AUID="alumno" UID="root" GID="root" EUID="root" SUID="root" FSUID="root" EGID="root" SGID="root" FSGID="root"
type=EXECVE msg=audit(1779748056.044:420): argc=2 a0="/bin/sh" a1="/etc/update-motd.d/50-motd-news"
type=CWD msg=audit(1779748056.044:420): cwd="/"
type=PATH msg=audit(1779748056.044:420): item=0 name="/etc/update-motd.d/50-motd-news" inode=1050012 dev=08:02 mode=0100755 ouid=0 ogid=0 rdev=00:00 nametype=NORMAL cap_fp=0 cap_fi=0 cap_fe=0 cap_fver=0 cap_frootid=0OUID="root" OGID="root"
type=PATH msg=audit(1779748056.044:420): item=1 name="/bin/sh" inode=1180235 dev=08:02 mode=0100755 ouid=0 ogid=0 rdev=00:00 nametype=NORMAL cap_fp=0 cap_fi=0 cap_fe=0 cap_fver=0 cap_frootid=0OUID="root" OGID="root"
type=PATH msg=audit(1779748056.044:420): item=2 name="/lib64/ld-linux-x86-64.so.2" inode=1189749 dev=08:02 mode=0100755 ouid=0 ogid=0 rdev=00:00 nametype=NORMAL cap_fp=0 cap_fi=0 cap_fe=0 cap_fver=0 cap_frootid=0OUID="root" OGID="root"
type=PROCTITLE msg=audit(1779748056.044:420): proctitle=2F62696E2F7368002F6574632F7570646174652D6D6F74642E642F35302D6D6F74642D6E657773
type=SYSCALL msg=audit(1779748056.044:421): arch=c000003e syscall=59 success=yes exit=0 a0=560661f4fcc0 a1=560661f4fc90 a2=560661f4fca8 a3=560661f51660 items=2 ppid=1332 pid=1333 auid=1000 uid=0 gid=0 euid=0 suid=0 fsuid=0 egid=0 sgid=0 fsgid=0 tty=(none) ses=4 comm="cat" exe="/usr/bin/cat" subj=unconfined key="root_commands"ARCH=x86_64 SYSCALL=execve AUID="alumno" UID="root" GID="root" EUID="root" SUID="root" FSUID="root" EGID="root" SGID="root" FSGID="root"
type=EXECVE msg=audit(1779748056.044:421): argc=2 a0="cat" a1="/var/cache/motd-news"
type=CWD msg=audit(1779748056.044:421): cwd="/"
type=PATH msg=audit(1779748056.044:421): item=0 name="/usr/bin/cat" inode=1191030 dev=08:02 mode=0100755 ouid=0 ogid=0 rdev=00:00 nametype=NORMAL cap_fp=0 cap_fi=0 cap_fe=0 cap_fver=0 cap_frootid=0OUID="root" OGID="root"
type=PATH msg=audit(1779748056.044:421): item=1 name="/lib64/ld-linux-x86-64.so.2" inode=1189749 dev=08:02 mode=0100755 ouid=0 ogid=0 rdev=00:00 nametype=NORMAL cap_fp=0 cap_fi=0 cap_fe=0 cap_fver=0 cap_frootid=0OUID="root" OGID="root"
type=PROCTITLE msg=audit(1779748056.044:421): proctitle=636174002F7661722F63616368652F6D6F74642D6E657773
type=SYSCALL msg=audit(1779748056.044:422): arch=c000003e syscall=59 success=yes exit=0 a0=560661f4fce8 a1=560661f4fcb0 a2=560661f4fcd0 a3=560661f51660 items=2 ppid=1332 pid=1335 auid=1000 uid=0 gid=0 euid=0 suid=0 fsuid=0 egid=0 sgid=0 fsgid=0 tty=(none) ses=4 comm="tr" exe="/usr/bin/tr" subj=unconfined key="root_commands"ARCH=x86_64 SYSCALL=execve AUID="alumno" UID="root" GID="root" EUID="root" SUID="root" FSUID="root" EGID="root" SGID="root" FSGID="root"
type=EXECVE msg=audit(1779748056.044:422): argc=3 a0="tr" a1="-d" a2="\000-\011\013\014\016-\037"
type=CWD msg=audit(1779748056.044:422): cwd="/"
type=PATH msg=audit(1779748056.044:422): item=0 name="/usr/bin/tr" inode=1212000 dev=08:02 mode=0100755 ouid=0 ogid=0 rdev=00:00 nametype=NORMAL cap_fp=0 cap_fi=0 cap_fe=0 cap_fver=0 cap_frootid=0OUID="root" OGID="root"
type=PATH msg=audit(1779748056.044:422): item=1 name="/lib64/ld-linux-x86-64.so.2" inode=1189749 dev=08:02 mode=0100755 ouid=0 ogid=0 rdev=00:00 nametype=NORMAL cap_fp=0 cap_fi=0 cap_fe=0 cap_fver=0 cap_frootid=0OUID="root" OGID="root"
type=PROCTITLE msg=audit(1779748056.044:422): proctitle=7472002D64005C3030302D5C3031315C3031335C3031345C3031362D5C303337
type=SYSCALL msg=audit(1779748056.048:423): arch=c000003e syscall=59 success=yes exit=0 a0=560661f4fcc8 a1=560661f4fc90 a2=560661f4fcb0 a3=560661f51660 items=2 ppid=1332 pid=1336 auid=1000 uid=0 gid=0 euid=0 suid=0 fsuid=0 egid=0 sgid=0 fsgid=0 tty=(none) ses=4 comm="cut" exe="/usr/bin/cut" subj=unconfined key="root_commands"ARCH=x86_64 SYSCALL=execve AUID="alumno" UID="root" GID="root" EUID="root" SUID="root" FSUID="root" EGID="root" SGID="root" FSGID="root"
type=EXECVE msg=audit(1779748056.048:423): argc=3 a0="cut" a1="-c" a2="-80"
type=CWD msg=audit(1779748056.048:423): cwd="/"
type=PATH msg=audit(1779748056.048:423): item=0 name="/usr/bin/cut" inode=1211893 dev=08:02 mode=0100755 ouid=0 ogid=0 rdev=00:00 nametype=NORMAL cap_fp=0 cap_fi=0 cap_fe=0 cap_fver=0 cap_frootid=0OUID="root" OGID="root"
type=PATH msg=audit(1779748056.048:423): item=1 name="/lib64/ld-linux-x86-64.so.2" inode=1189749 dev=08:02 mode=0100755 ouid=0 ogid=0 rdev=00:00 nametype=NORMAL cap_fp=0 cap_fi=0 cap_fe=0 cap_fver=0 cap_frootid=0OUID="root" OGID="root"
type=PROCTITLE msg=audit(1779748056.048:423): proctitle=637574002D63002D3830
type=SYSCALL msg=audit(1779748056.048:424): arch=c000003e syscall=59 success=yes exit=0 a0=560661f4fcc8 a1=560661f4fc90 a2=560661f4fcb0 a3=560661f51660 items=2 ppid=1332 pid=1334 auid=1000 uid=0 gid=0 euid=0 suid=0 fsuid=0 egid=0 sgid=0 fsgid=0 tty=(none) ses=4 comm="head" exe="/usr/bin/head" subj=unconfined key="root_commands"ARCH=x86_64 SYSCALL=execve AUID="alumno" UID="root" GID="root" EUID="root" SUID="root" FSUID="root" EGID="root" SGID="root" FSGID="root"
type=EXECVE msg=audit(1779748056.048:424): argc=3 a0="head" a1="-n" a2="10"
type=CWD msg=audit(1779748056.048:424): cwd="/"
type=PATH msg=audit(1779748056.048:424): item=0 name="/usr/bin/head" inode=1211915 dev=08:02 mode=0100755 ouid=0 ogid=0 rdev=00:00 nametype=NORMAL cap_fp=0 cap_fi=0 cap_fe=0 cap_fver=0 cap_frootid=0OUID="root" OGID="root"
type=PATH msg=audit(1779748056.048:424): item=1 name="/lib64/ld-linux-x86-64.so.2" inode=1189749 dev=08:02 mode=0100755 ouid=0 ogid=0 rdev=00:00 nametype=NORMAL cap_fp=0 cap_fi=0 cap_fe=0 cap_fver=0 cap_frootid=0OUID="root" OGID="root"
type=PROCTITLE msg=audit(1779748056.048:424): proctitle=68656164002D6E003130
type=SYSCALL msg=audit(1779748056.052:425): arch=c000003e syscall=59 success=yes exit=0 a0=56444b3b3db0 a1=56444b3af2a0 a2=7fffe5e62c58 a3=8 items=3 ppid=1313 pid=1337 auid=1000 uid=0 gid=0 euid=0 suid=0 fsuid=0 egid=0 sgid=0 fsgid=0 tty=(none) ses=4 comm="85-fwupd" exe="/usr/bin/dash" subj=unconfined key="root_commands"ARCH=x86_64 SYSCALL=execve AUID="alumno" UID="root" GID="root" EUID="root" SUID="root" FSUID="root" EGID="root" SGID="root" FSGID="root"
type=EXECVE msg=audit(1779748056.052:425): argc=2 a0="/bin/sh" a1="/etc/update-motd.d/85-fwupd"
type=CWD msg=audit(1779748056.052:425): cwd="/"
type=PATH msg=audit(1779748056.052:425): item=0 name="/etc/update-motd.d/85-fwupd" inode=1050013 dev=08:02 mode=0100755 ouid=0 ogid=0 rdev=00:00 nametype=NORMAL cap_fp=0 cap_fi=0 cap_fe=0 cap_fver=0 cap_frootid=0OUID="root" OGID="root"
type=PATH msg=audit(1779748056.052:425): item=1 name="/bin/sh" inode=1180235 dev=08:02 mode=0100755 ouid=0 ogid=0 rdev=00:00 nametype=NORMAL cap_fp=0 cap_fi=0 cap_fe=0 cap_fver=0 cap_frootid=0OUID="root" OGID="root"
type=PATH msg=audit(1779748056.052:425): item=2 name="/lib64/ld-linux-x86-64.so.2" inode=1189749 dev=08:02 mode=0100755 ouid=0 ogid=0 rdev=00:00 nametype=NORMAL cap_fp=0 cap_fi=0 cap_fe=0 cap_fver=0 cap_frootid=0OUID="root" OGID="root"
type=PROCTITLE msg=audit(1779748056.052:425): proctitle=2F62696E2F7368002F6574632F7570646174652D6D6F74642E642F38352D6677757064
type=SYSCALL msg=audit(1779748056.056:426): arch=c000003e syscall=59 success=yes exit=0 a0=56444b3b3db0 a1=56444b3af2a0 a2=7fffe5e62c58 a3=8 items=3 ppid=1313 pid=1338 auid=1000 uid=0 gid=0 euid=0 suid=0 fsuid=0 egid=0 sgid=0 fsgid=0 tty=(none) ses=4 comm="90-updates-avai" exe="/usr/bin/dash" subj=unconfined key="root_commands"ARCH=x86_64 SYSCALL=execve AUID="alumno" UID="root" GID="root" EUID="root" SUID="root" FSUID="root" EGID="root" SGID="root" FSGID="root"
type=EXECVE msg=audit(1779748056.056:426): argc=2 a0="/bin/sh" a1="/etc/update-motd.d/90-updates-available"
type=CWD msg=audit(1779748056.056:426): cwd="/"
type=PATH msg=audit(1779748056.056:426): item=0 name="/etc/update-motd.d/90-updates-available" inode=1050014 dev=08:02 mode=0100755 ouid=0 ogid=0 rdev=00:00 nametype=NORMAL cap_fp=0 cap_fi=0 cap_fe=0 cap_fver=0 cap_frootid=0OUID="root" OGID="root"
type=PATH msg=audit(1779748056.056:426): item=1 name="/bin/sh" inode=1180235 dev=08:02 mode=0100755 ouid=0 ogid=0 rdev=00:00 nametype=NORMAL cap_fp=0 cap_fi=0 cap_fe=0 cap_fver=0 cap_frootid=0OUID="root" OGID="root"
type=PATH msg=audit(1779748056.056:426): item=2 name="/lib64/ld-linux-x86-64.so.2" inode=1189749 dev=08:02 mode=0100755 ouid=0 ogid=0 rdev=00:00 nametype=NORMAL cap_fp=0 cap_fi=0 cap_fe=0 cap_fver=0 cap_frootid=0OUID="root" OGID="root"
type=PROCTITLE msg=audit(1779748056.056:426): proctitle=2F62696E2F7368002F6574632F7570646174652D6D6F74642E642F39302D757064617465732D617661696C61626C65
type=SYSCALL msg=audit(1779748056.056:427): arch=c000003e syscall=59 success=yes exit=0 a0=557989019420 a1=5579890193f0 a2=557989019408 a3=8 items=2 ppid=1338 pid=1339 auid=1000 uid=0 gid=0 euid=0 suid=0 fsuid=0 egid=0 sgid=0 fsgid=0 tty=(none) ses=4 comm="cat" exe="/usr/bin/cat" subj=unconfined key="root_commands"ARCH=x86_64 SYSCALL=execve AUID="alumno" UID="root" GID="root" EUID="root" SUID="root" FSUID="root" EGID="root" SGID="root" FSGID="root"
type=EXECVE msg=audit(1779748056.056:427): argc=2 a0="cat" a1="/var/lib/update-notifier/updates-available"
type=CWD msg=audit(1779748056.056:427): cwd="/"
type=PATH msg=audit(1779748056.056:427): item=0 name="/usr/bin/cat" inode=1191030 dev=08:02 mode=0100755 ouid=0 ogid=0 rdev=00:00 nametype=NORMAL cap_fp=0 cap_fi=0 cap_fe=0 cap_fver=0 cap_frootid=0OUID="root" OGID="root"
type=PATH msg=audit(1779748056.056:427): item=1 name="/lib64/ld-linux-x86-64.so.2" inode=1189749 dev=08:02 mode=0100755 ouid=0 ogid=0 rdev=00:00 nametype=NORMAL cap_fp=0 cap_fi=0 cap_fe=0 cap_fver=0 cap_frootid=0OUID="root" OGID="root"
type=PROCTITLE msg=audit(1779748056.056:427): proctitle=636174002F7661722F6C69622F7570646174652D6E6F7469666965722F757064617465732D617661696C61626C65
type=SYSCALL msg=audit(1779748056.060:428): arch=c000003e syscall=59 success=yes exit=0 a0=557989019798 a1=557989019580 a2=5579890195c8 a3=1b6 items=2 ppid=1338 pid=1340 auid=1000 uid=0 gid=0 euid=0 suid=0 fsuid=0 egid=0 sgid=0 fsgid=0 tty=(none) ses=4 comm="find" exe="/usr/bin/find" subj=unconfined key="root_commands"ARCH=x86_64 SYSCALL=execve AUID="alumno" UID="root" GID="root" EUID="root" SUID="root" FSUID="root" EGID="root" SGID="root" FSGID="root"
type=EXECVE msg=audit(1779748056.060:428): argc=4 a0="find" a1="/var/lib/update-notifier/updates-available" a2="-newermt" a3=6E6F772D372064617973
type=CWD msg=audit(1779748056.060:428): cwd="/"
type=PATH msg=audit(1779748056.060:428): item=0 name="/usr/bin/find" inode=1180306 dev=08:02 mode=0100755 ouid=0 ogid=0 rdev=00:00 nametype=NORMAL cap_fp=0 cap_fi=0 cap_fe=0 cap_fver=0 cap_frootid=0OUID="root" OGID="root"
type=PATH msg=audit(1779748056.060:428): item=1 name="/lib64/ld-linux-x86-64.so.2" inode=1189749 dev=08:02 mode=0100755 ouid=0 ogid=0 rdev=00:00 nametype=NORMAL cap_fp=0 cap_fi=0 cap_fe=0 cap_fver=0 cap_frootid=0OUID="root" OGID="root"
type=PROCTITLE msg=audit(1779748056.060:428): proctitle=66696E64002F7661722F6C69622F7570646174652D6E6F7469666965722F757064617465732D617661696C61626C65002D6E657765726D74006E6F772D372064617973
type=SYSCALL msg=audit(1779748056.060:429): arch=c000003e syscall=59 success=yes exit=0 a0=5579890195a8 a1=557989019560 a2=557989019590 a3=2 items=2 ppid=1338 pid=1341 auid=1000 uid=0 gid=0 euid=0 suid=0 fsuid=0 egid=0 sgid=0 fsgid=0 tty=(none) ses=4 comm="grep" exe="/usr/bin/grep" subj=unconfined key="root_commands"ARCH=x86_64 SYSCALL=execve AUID="alumno" UID="root" GID="root" EUID="root" SUID="root" FSUID="root" EGID="root" SGID="root" FSGID="root"
type=EXECVE msg=audit(1779748056.060:429): argc=5 a0="grep" a1="-q" a2="-m" a3="1" a4="."
type=CWD msg=audit(1779748056.060:429): cwd="/"
type=PATH msg=audit(1779748056.060:429): item=0 name="/usr/bin/grep" inode=1180343 dev=08:02 mode=0100755 ouid=0 ogid=0 rdev=00:00 nametype=NORMAL cap_fp=0 cap_fi=0 cap_fe=0 cap_fver=0 cap_frootid=0OUID="root" OGID="root"
type=PATH msg=audit(1779748056.060:429): item=1 name="/lib64/ld-linux-x86-64.so.2" inode=1189749 dev=08:02 mode=0100755 ouid=0 ogid=0 rdev=00:00 nametype=NORMAL cap_fp=0 cap_fi=0 cap_fe=0 cap_fver=0 cap_frootid=0OUID="root" OGID="root"
type=PROCTITLE msg=audit(1779748056.060:429): proctitle=67726570002D71002D6D0031002E
type=SYSCALL msg=audit(1779748056.064:430): arch=c000003e syscall=59 success=yes exit=0 a0=5579890194e0 a1=557989019530 a2=557989019540 a3=8 items=3 ppid=1338 pid=1342 auid=1000 uid=0 gid=0 euid=0 suid=0 fsuid=0 egid=0 sgid=0 fsgid=0 tty=(none) ses=4 comm="notify-updates-" exe="/usr/bin/dash" subj=unconfined key="root_commands"ARCH=x86_64 SYSCALL=execve AUID="alumno" UID="root" GID="root" EUID="root" SUID="root" FSUID="root" EGID="root" SGID="root" FSGID="root"
type=EXECVE msg=audit(1779748056.064:430): argc=2 a0="/bin/sh" a1="/usr/share/update-notifier/notify-updates-outdated"
type=CWD msg=audit(1779748056.064:430): cwd="/"
type=PATH msg=audit(1779748056.064:430): item=0 name="/usr/share/update-notifier/notify-updates-outdated" inode=1211125 dev=08:02 mode=0100755 ouid=0 ogid=0 rdev=00:00 nametype=NORMAL cap_fp=0 cap_fi=0 cap_fe=0 cap_fver=0 cap_frootid=0OUID="root" OGID="root"
type=PATH msg=audit(1779748056.064:430): item=1 name="/bin/sh" inode=1180235 dev=08:02 mode=0100755 ouid=0 ogid=0 rdev=00:00 nametype=NORMAL cap_fp=0 cap_fi=0 cap_fe=0 cap_fver=0 cap_frootid=0OUID="root" OGID="root"
type=PATH msg=audit(1779748056.064:430): item=2 name="/lib64/ld-linux-x86-64.so.2" inode=1189749 dev=08:02 mode=0100755 ouid=0 ogid=0 rdev=00:00 nametype=NORMAL cap_fp=0 cap_fi=0 cap_fe=0 cap_fver=0 cap_frootid=0OUID="root" OGID="root"
type=PROCTITLE msg=audit(1779748056.064:430): proctitle=2F62696E2F7368002F7573722F73686172652F7570646174652D6E6F7469666965722F6E6F746966792D757064617465732D6F75746461746564
type=SYSCALL msg=audit(1779748056.064:431): arch=c000003e syscall=59 success=yes exit=0 a0=55a34f2fa400 a1=55a32b88b830 a2=55a34f2fa3d8 a3=0 items=2 ppid=1342 pid=1343 auid=1000 uid=0 gid=0 euid=0 suid=0 fsuid=0 egid=0 sgid=0 fsgid=0 tty=(none) ses=4 comm="gettext" exe="/usr/bin/gettext" subj=unconfined key="root_commands"ARCH=x86_64 SYSCALL=execve AUID="alumno" UID="root" GID="root" EUID="root" SUID="root" FSUID="root" EGID="root" SGID="root" FSGID="root"
type=EXECVE msg=audit(1779748056.064:431): argc=2 a0="gettext" a1=546865206C697374206F6620617661696C61626C652075706461746573206973206D6F7265207468616E2061207765656B206F6C642E
type=CWD msg=audit(1779748056.064:431): cwd="/"
type=PATH msg=audit(1779748056.064:431): item=0 name="/usr/bin/gettext" inode=1180324 dev=08:02 mode=0100755 ouid=0 ogid=0 rdev=00:00 nametype=NORMAL cap_fp=0 cap_fi=0 cap_fe=0 cap_fver=0 cap_frootid=0OUID="root" OGID="root"
type=PATH msg=audit(1779748056.064:431): item=1 name="/lib64/ld-linux-x86-64.so.2" inode=1189749 dev=08:02 mode=0100755 ouid=0 ogid=0 rdev=00:00 nametype=NORMAL cap_fp=0 cap_fi=0 cap_fe=0 cap_fver=0 cap_frootid=0OUID="root" OGID="root"
type=PROCTITLE msg=audit(1779748056.064:431): proctitle=6765747465787400546865206C697374206F6620617661696C61626C652075706461746573206973206D6F7265207468616E2061207765656B206F6C642E
type=SYSCALL msg=audit(1779748056.068:432): arch=c000003e syscall=59 success=yes exit=0 a0=55a34f2fa3d8 a1=55a32b88b818 a2=55a32b88b830 a3=0 items=2 ppid=1342 pid=1344 auid=1000 uid=0 gid=0 euid=0 suid=0 fsuid=0 egid=0 sgid=0 fsgid=0 tty=(none) ses=4 comm="gettext" exe="/usr/bin/gettext" subj=unconfined key="root_commands"ARCH=x86_64 SYSCALL=execve AUID="alumno" UID="root" GID="root" EUID="root" SUID="root" FSUID="root" EGID="root" SGID="root" FSGID="root"
type=EXECVE msg=audit(1779748056.068:432): argc=2 a0="gettext" a1=546F20636865636B20666F72206E657720757064617465732072756E3A207375646F2061707420757064617465
type=CWD msg=audit(1779748056.068:432): cwd="/"
type=PATH msg=audit(1779748056.068:432): item=0 name="/usr/bin/gettext" inode=1180324 dev=08:02 mode=0100755 ouid=0 ogid=0 rdev=00:00 nametype=NORMAL cap_fp=0 cap_fi=0 cap_fe=0 cap_fver=0 cap_frootid=0OUID="root" OGID="root"
type=PATH msg=audit(1779748056.068:432): item=1 name="/lib64/ld-linux-x86-64.so.2" inode=1189749 dev=08:02 mode=0100755 ouid=0 ogid=0 rdev=00:00 nametype=NORMAL cap_fp=0 cap_fi=0 cap_fe=0 cap_fver=0 cap_frootid=0OUID="root" OGID="root"
type=PROCTITLE msg=audit(1779748056.068:432): proctitle=6765747465787400546F20636865636B20666F72206E657720757064617465732072756E3A207375646F2061707420757064617465
type=SYSCALL msg=audit(1779748056.072:433): arch=c000003e syscall=59 success=yes exit=0 a0=56444b3b3db0 a1=56444b3af2a0 a2=7fffe5e62c58 a3=8 items=3 ppid=1313 pid=1345 auid=1000 uid=0 gid=0 euid=0 suid=0 fsuid=0 egid=0 sgid=0 fsgid=0 tty=(none) ses=4 comm="91-contract-ua-" exe="/usr/bin/dash" subj=unconfined key="root_commands"ARCH=x86_64 SYSCALL=execve AUID="alumno" UID="root" GID="root" EUID="root" SUID="root" FSUID="root" EGID="root" SGID="root" FSGID="root"
type=EXECVE msg=audit(1779748056.072:433): argc=2 a0="/bin/sh" a1="/etc/update-motd.d/91-contract-ua-esm-status"
type=CWD msg=audit(1779748056.072:433): cwd="/"
type=PATH msg=audit(1779748056.072:433): item=0 name="/etc/update-motd.d/91-contract-ua-esm-status" inode=1050015 dev=08:02 mode=0100755 ouid=0 ogid=0 rdev=00:00 nametype=NORMAL cap_fp=0 cap_fi=0 cap_fe=0 cap_fver=0 cap_frootid=0OUID="root" OGID="root"
type=PATH msg=audit(1779748056.072:433): item=1 name="/bin/sh" inode=1180235 dev=08:02 mode=0100755 ouid=0 ogid=0 rdev=00:00 nametype=NORMAL cap_fp=0 cap_fi=0 cap_fe=0 cap_fver=0 cap_frootid=0OUID="root" OGID="root"
type=PATH msg=audit(1779748056.072:433): item=2 name="/lib64/ld-linux-x86-64.so.2" inode=1189749 dev=08:02 mode=0100755 ouid=0 ogid=0 rdev=00:00 nametype=NORMAL cap_fp=0 cap_fi=0 cap_fe=0 cap_fver=0 cap_frootid=0OUID="root" OGID="root"
type=PROCTITLE msg=audit(1779748056.072:433): proctitle=2F62696E2F7368002F6574632F7570646174652D6D6F74642E642F39312D636F6E74726163742D75612D65736D2D737461747573
type=SYSCALL msg=audit(1779748056.072:434): arch=c000003e syscall=59 success=yes exit=0 a0=56444b3b3db0 a1=56444b3af2a0 a2=7fffe5e62c58 a3=8 items=3 ppid=1313 pid=1346 auid=1000 uid=0 gid=0 euid=0 suid=0 fsuid=0 egid=0 sgid=0 fsgid=0 tty=(none) ses=4 comm="91-release-upgr" exe="/usr/bin/dash" subj=unconfined key="root_commands"ARCH=x86_64 SYSCALL=execve AUID="alumno" UID="root" GID="root" EUID="root" SUID="root" FSUID="root" EGID="root" SGID="root" FSGID="root"
type=EXECVE msg=audit(1779748056.072:434): argc=2 a0="/bin/sh" a1="/etc/update-motd.d/91-release-upgrade"
type=CWD msg=audit(1779748056.072:434): cwd="/"
type=PATH msg=audit(1779748056.072:434): item=0 name="/etc/update-motd.d/91-release-upgrade" inode=1050016 dev=08:02 mode=0100755 ouid=0 ogid=0 rdev=00:00 nametype=NORMAL cap_fp=0 cap_fi=0 cap_fe=0 cap_fver=0 cap_frootid=0OUID="root" OGID="root"
type=PATH msg=audit(1779748056.072:434): item=1 name="/bin/sh" inode=1180235 dev=08:02 mode=0100755 ouid=0 ogid=0 rdev=00:00 nametype=NORMAL cap_fp=0 cap_fi=0 cap_fe=0 cap_fver=0 cap_frootid=0OUID="root" OGID="root"
type=PATH msg=audit(1779748056.072:434): item=2 name="/lib64/ld-linux-x86-64.so.2" inode=1189749 dev=08:02 mode=0100755 ouid=0 ogid=0 rdev=00:00 nametype=NORMAL cap_fp=0 cap_fi=0 cap_fe=0 cap_fver=0 cap_frootid=0OUID="root" OGID="root"
type=PROCTITLE msg=audit(1779748056.072:434): proctitle=2F62696E2F7368002F6574632F7570646174652D6D6F74642E642F39312D72656C656173652D75706772616465
type=SYSCALL msg=audit(1779748056.076:435): arch=c000003e syscall=59 success=yes exit=0 a0=55d1e57e9558 a1=55d1e57e9520 a2=55d1e57e9540 a3=4 items=2 ppid=1347 pid=1349 auid=1000 uid=0 gid=0 euid=0 suid=0 fsuid=0 egid=0 sgid=0 fsgid=0 tty=(none) ses=4 comm="cut" exe="/usr/bin/cut" subj=unconfined key="root_commands"ARCH=x86_64 SYSCALL=execve AUID="alumno" UID="root" GID="root" EUID="root" SUID="root" FSUID="root" EGID="root" SGID="root" FSGID="root"
type=EXECVE msg=audit(1779748056.076:435): argc=3 a0="cut" a1=2D6420 a2="-f4"
type=CWD msg=audit(1779748056.076:435): cwd="/"
type=PATH msg=audit(1779748056.076:435): item=0 name="/usr/bin/cut" inode=1211893 dev=08:02 mode=0100755 ouid=0 ogid=0 rdev=00:00 nametype=NORMAL cap_fp=0 cap_fi=0 cap_fe=0 cap_fver=0 cap_frootid=0OUID="root" OGID="root"
type=PATH msg=audit(1779748056.076:435): item=1 name="/lib64/ld-linux-x86-64.so.2" inode=1189749 dev=08:02 mode=0100755 ouid=0 ogid=0 rdev=00:00 nametype=NORMAL cap_fp=0 cap_fi=0 cap_fe=0 cap_fver=0 cap_frootid=0OUID="root" OGID="root"
type=PROCTITLE msg=audit(1779748056.076:435): proctitle=637574002D6420002D6634
type=SYSCALL msg=audit(1779748056.080:436): arch=c000003e syscall=59 success=yes exit=0 a0=55d1e57e9440 a1=55d1e57e9410 a2=55d1e57e9428 a3=55d1e57eb660 items=2 ppid=1346 pid=1350 auid=1000 uid=0 gid=0 euid=0 suid=0 fsuid=0 egid=0 sgid=0 fsgid=0 tty=(none) ses=4 comm="id" exe="/usr/bin/id" subj=unconfined key="root_commands"ARCH=x86_64 SYSCALL=execve AUID="alumno" UID="root" GID="root" EUID="root" SUID="root" FSUID="root" EGID="root" SGID="root" FSGID="root"
type=EXECVE msg=audit(1779748056.080:436): argc=2 a0="id" a1="-u"
type=CWD msg=audit(1779748056.080:436): cwd="/"
type=PATH msg=audit(1779748056.080:436): item=0 name="/usr/bin/id" inode=1211919 dev=08:02 mode=0100755 ouid=0 ogid=0 rdev=00:00 nametype=NORMAL cap_fp=0 cap_fi=0 cap_fe=0 cap_fver=0 cap_frootid=0OUID="root" OGID="root"
type=PATH msg=audit(1779748056.080:436): item=1 name="/lib64/ld-linux-x86-64.so.2" inode=1189749 dev=08:02 mode=0100755 ouid=0 ogid=0 rdev=00:00 nametype=NORMAL cap_fp=0 cap_fi=0 cap_fe=0 cap_fver=0 cap_frootid=0OUID="root" OGID="root"
type=PROCTITLE msg=audit(1779748056.080:436): proctitle=6964002D75
type=SYSCALL msg=audit(1779748056.080:437): arch=c000003e syscall=59 success=yes exit=0 a0=55d1e57e9398 a1=55d1e57e93f0 a2=55d1e57e9400 a3=36 items=3 ppid=1313 pid=1346 auid=1000 uid=0 gid=0 euid=0 suid=0 fsuid=0 egid=0 sgid=0 fsgid=0 tty=(none) ses=4 comm="release-upgrade" exe="/usr/bin/dash" subj=unconfined key="root_commands"ARCH=x86_64 SYSCALL=execve AUID="alumno" UID="root" GID="root" EUID="root" SUID="root" FSUID="root" EGID="root" SGID="root" FSGID="root"
type=EXECVE msg=audit(1779748056.080:437): argc=3 a0="/bin/sh" a1="-e" a2="/usr/lib/ubuntu-release-upgrader/release-upgrade-motd"
type=CWD msg=audit(1779748056.080:437): cwd="/"
type=PATH msg=audit(1779748056.080:437): item=0 name="/usr/lib/ubuntu-release-upgrader/release-upgrade-motd" inode=1190483 dev=08:02 mode=0100755 ouid=0 ogid=0 rdev=00:00 nametype=NORMAL cap_fp=0 cap_fi=0 cap_fe=0 cap_fver=0 cap_frootid=0OUID="root" OGID="root"
type=PATH msg=audit(1779748056.080:437): item=1 name="/bin/sh" inode=1180235 dev=08:02 mode=0100755 ouid=0 ogid=0 rdev=00:00 nametype=NORMAL cap_fp=0 cap_fi=0 cap_fe=0 cap_fver=0 cap_frootid=0OUID="root" OGID="root"
type=PATH msg=audit(1779748056.080:437): item=2 name="/lib64/ld-linux-x86-64.so.2" inode=1189749 dev=08:02 mode=0100755 ouid=0 ogid=0 rdev=00:00 nametype=NORMAL cap_fp=0 cap_fi=0 cap_fe=0 cap_fver=0 cap_frootid=0OUID="root" OGID="root"
type=PROCTITLE msg=audit(1779748056.080:437): proctitle=2F62696E2F7368002F6574632F7570646174652D6D6F74642E642F39312D72656C656173652D75706772616465
type=SYSCALL msg=audit(1779748056.084:438): arch=c000003e syscall=59 success=yes exit=0 a0=55e735ad2f68 a1=55e735ad2f38 a2=55e735ad2f50 a3=0 items=2 ppid=1346 pid=1351 auid=1000 uid=0 gid=0 euid=0 suid=0 fsuid=0 egid=0 sgid=0 fsgid=0 tty=(none) ses=4 comm="date" exe="/usr/bin/date" subj=unconfined key="root_commands"ARCH=x86_64 SYSCALL=execve AUID="alumno" UID="root" GID="root" EUID="root" SUID="root" FSUID="root" EGID="root" SGID="root" FSGID="root"
type=EXECVE msg=audit(1779748056.084:438): argc=2 a0="date" a1="+%s"
type=CWD msg=audit(1779748056.084:438): cwd="/"
type=PATH msg=audit(1779748056.084:438): item=0 name="/usr/bin/date" inode=1211825 dev=08:02 mode=0100755 ouid=0 ogid=0 rdev=00:00 nametype=NORMAL cap_fp=0 cap_fi=0 cap_fe=0 cap_fver=0 cap_frootid=0OUID="root" OGID="root"
type=PATH msg=audit(1779748056.084:438): item=1 name="/lib64/ld-linux-x86-64.so.2" inode=1189749 dev=08:02 mode=0100755 ouid=0 ogid=0 rdev=00:00 nametype=NORMAL cap_fp=0 cap_fi=0 cap_fe=0 cap_fver=0 cap_frootid=0OUID="root" OGID="root"
type=PROCTITLE msg=audit(1779748056.084:438): proctitle=64617465002B2573
type=SYSCALL msg=audit(1779748056.084:439): arch=c000003e syscall=59 success=yes exit=0 a0=55e735ad3008 a1=55e735ad2fc8 a2=55e735ad2ff0 a3=0 items=2 ppid=1346 pid=1352 auid=1000 uid=0 gid=0 euid=0 suid=0 fsuid=0 egid=0 sgid=0 fsgid=0 tty=(none) ses=4 comm="stat" exe="/usr/bin/stat" subj=unconfined key="root_commands"ARCH=x86_64 SYSCALL=execve AUID="alumno" UID="root" GID="root" EUID="root" SUID="root" FSUID="root" EGID="root" SGID="root" FSGID="root"
type=EXECVE msg=audit(1779748056.084:439): argc=4 a0="stat" a1="-c" a2="%Y" a3="/var/lib/ubuntu-release-upgrader/release-upgrade-available"
type=CWD msg=audit(1779748056.084:439): cwd="/"
type=PATH msg=audit(1779748056.084:439): item=0 name="/usr/bin/stat" inode=1211983 dev=08:02 mode=0100755 ouid=0 ogid=0 rdev=00:00 nametype=NORMAL cap_fp=0 cap_fi=0 cap_fe=0 cap_fver=0 cap_frootid=0OUID="root" OGID="root"
type=PATH msg=audit(1779748056.084:439): item=1 name="/lib64/ld-linux-x86-64.so.2" inode=1189749 dev=08:02 mode=0100755 ouid=0 ogid=0 rdev=00:00 nametype=NORMAL cap_fp=0 cap_fi=0 cap_fe=0 cap_fver=0 cap_frootid=0OUID="root" OGID="root"
type=PROCTITLE msg=audit(1779748056.084:439): proctitle=73746174002D63002559002F7661722F6C69622F7562756E74752D72656C656173652D75706772616465722F72656C656173652D757067726164652D617661696C61626C65
type=SYSCALL msg=audit(1779748056.088:440): arch=c000003e syscall=59 success=yes exit=0 a0=55e735ad2fb8 a1=55e735ad2f78 a2=55e735ad2fa0 a3=0 items=2 ppid=1346 pid=1353 auid=1000 uid=0 gid=0 euid=0 suid=0 fsuid=0 egid=0 sgid=0 fsgid=0 tty=(none) ses=4 comm="expr" exe="/usr/bin/expr" subj=unconfined key="root_commands"ARCH=x86_64 SYSCALL=execve AUID="alumno" UID="root" GID="root" EUID="root" SUID="root" FSUID="root" EGID="root" SGID="root" FSGID="root"
type=EXECVE msg=audit(1779748056.088:440): argc=4 a0="expr" a1="1779746142" a2="+" a3="86400"
type=CWD msg=audit(1779748056.088:440): cwd="/"
type=PATH msg=audit(1779748056.088:440): item=0 name="/usr/bin/expr" inode=1211905 dev=08:02 mode=0100755 ouid=0 ogid=0 rdev=00:00 nametype=NORMAL cap_fp=0 cap_fi=0 cap_fe=0 cap_fver=0 cap_frootid=0OUID="root" OGID="root"
type=PATH msg=audit(1779748056.088:440): item=1 name="/lib64/ld-linux-x86-64.so.2" inode=1189749 dev=08:02 mode=0100755 ouid=0 ogid=0 rdev=00:00 nametype=NORMAL cap_fp=0 cap_fi=0 cap_fe=0 cap_fver=0 cap_frootid=0OUID="root" OGID="root"
type=PROCTITLE msg=audit(1779748056.088:440): proctitle=657870720031373739373436313432002B003836343030
type=SYSCALL msg=audit(1779748056.092:441): arch=c000003e syscall=59 success=yes exit=0 a0=55e735ad2f90 a1=55e735ad2f60 a2=55e735ad2f78 a3=8 items=2 ppid=1346 pid=1354 auid=1000 uid=0 gid=0 euid=0 suid=0 fsuid=0 egid=0 sgid=0 fsgid=0 tty=(none) ses=4 comm="cat" exe="/usr/bin/cat" subj=unconfined key="root_commands"ARCH=x86_64 SYSCALL=execve AUID="alumno" UID="root" GID="root" EUID="root" SUID="root" FSUID="root" EGID="root" SGID="root" FSGID="root"
type=EXECVE msg=audit(1779748056.092:441): argc=2 a0="cat" a1="/var/lib/ubuntu-release-upgrader/release-upgrade-available"
type=CWD msg=audit(1779748056.092:441): cwd="/"
type=PATH msg=audit(1779748056.092:441): item=0 name="/usr/bin/cat" inode=1191030 dev=08:02 mode=0100755 ouid=0 ogid=0 rdev=00:00 nametype=NORMAL cap_fp=0 cap_fi=0 cap_fe=0 cap_fver=0 cap_frootid=0OUID="root" OGID="root"
type=PATH msg=audit(1779748056.092:441): item=1 name="/lib64/ld-linux-x86-64.so.2" inode=1189749 dev=08:02 mode=0100755 ouid=0 ogid=0 rdev=00:00 nametype=NORMAL cap_fp=0 cap_fi=0 cap_fe=0 cap_fver=0 cap_frootid=0OUID="root" OGID="root"
type=PROCTITLE msg=audit(1779748056.092:441): proctitle=636174002F7661722F6C69622F7562756E74752D72656C656173652D75706772616465722F72656C656173652D757067726164652D617661696C61626C65
type=SYSCALL msg=audit(1779748056.096:442): arch=c000003e syscall=59 success=yes exit=0 a0=56444b3b3db0 a1=56444b3af2a0 a2=7fffe5e62c58 a3=8 items=3 ppid=1313 pid=1355 auid=1000 uid=0 gid=0 euid=0 suid=0 fsuid=0 egid=0 sgid=0 fsgid=0 tty=(none) ses=4 comm="92-unattended-u" exe="/usr/bin/dash" subj=unconfined key="root_commands"ARCH=x86_64 SYSCALL=execve AUID="alumno" UID="root" GID="root" EUID="root" SUID="root" FSUID="root" EGID="root" SGID="root" FSGID="root"
type=EXECVE msg=audit(1779748056.096:442): argc=2 a0="/bin/sh" a1="/etc/update-motd.d/92-unattended-upgrades"
type=CWD msg=audit(1779748056.096:442): cwd="/"
type=PATH msg=audit(1779748056.096:442): item=0 name="/etc/update-motd.d/92-unattended-upgrades" inode=1050017 dev=08:02 mode=0100755 ouid=0 ogid=0 rdev=00:00 nametype=NORMAL cap_fp=0 cap_fi=0 cap_fe=0 cap_fver=0 cap_frootid=0OUID="root" OGID="root"
type=PATH msg=audit(1779748056.096:442): item=1 name="/bin/sh" inode=1180235 dev=08:02 mode=0100755 ouid=0 ogid=0 rdev=00:00 nametype=NORMAL cap_fp=0 cap_fi=0 cap_fe=0 cap_fver=0 cap_frootid=0OUID="root" OGID="root"
type=PATH msg=audit(1779748056.096:442): item=2 name="/lib64/ld-linux-x86-64.so.2" inode=1189749 dev=08:02 mode=0100755 ouid=0 ogid=0 rdev=00:00 nametype=NORMAL cap_fp=0 cap_fi=0 cap_fe=0 cap_fver=0 cap_frootid=0OUID="root" OGID="root"
type=PROCTITLE msg=audit(1779748056.096:442): proctitle=2F62696E2F7368002F6574632F7570646174652D6D6F74642E642F39322D756E617474656E6465642D7570677261646573
type=SYSCALL msg=audit(1779748056.096:443): arch=c000003e syscall=59 success=yes exit=0 a0=55e93d54b378 a1=55e93d54b3d8 a2=55e93d54b3e8 a3=3f items=3 ppid=1313 pid=1355 auid=1000 uid=0 gid=0 euid=0 suid=0 fsuid=0 egid=0 sgid=0 fsgid=0 tty=(none) ses=4 comm="update-motd-una" exe="/usr/bin/dash" subj=unconfined key="root_commands"ARCH=x86_64 SYSCALL=execve AUID="alumno" UID="root" GID="root" EUID="root" SUID="root" FSUID="root" EGID="root" SGID="root" FSGID="root"
type=EXECVE msg=audit(1779748056.096:443): argc=2 a0="/bin/sh" a1="/usr/share/unattended-upgrades/update-motd-unattended-upgrades"
type=CWD msg=audit(1779748056.096:443): cwd="/"
type=PATH msg=audit(1779748056.096:443): item=0 name="/usr/share/unattended-upgrades/update-motd-unattended-upgrades" inode=1211123 dev=08:02 mode=0100755 ouid=0 ogid=0 rdev=00:00 nametype=NORMAL cap_fp=0 cap_fi=0 cap_fe=0 cap_fver=0 cap_frootid=0OUID="root" OGID="root"
type=PATH msg=audit(1779748056.096:443): item=1 name="/bin/sh" inode=1180235 dev=08:02 mode=0100755 ouid=0 ogid=0 rdev=00:00 nametype=NORMAL cap_fp=0 cap_fi=0 cap_fe=0 cap_fver=0 cap_frootid=0OUID="root" OGID="root"
type=PATH msg=audit(1779748056.096:443): item=2 name="/lib64/ld-linux-x86-64.so.2" inode=1189749 dev=08:02 mode=0100755 ouid=0 ogid=0 rdev=00:00 nametype=NORMAL cap_fp=0 cap_fi=0 cap_fe=0 cap_fver=0 cap_frootid=0OUID="root" OGID="root"
type=PROCTITLE msg=audit(1779748056.096:443): proctitle=2F62696E2F7368002F6574632F7570646174652D6D6F74642E642F39322D756E617474656E6465642D7570677261646573
type=SYSCALL msg=audit(1779748056.100:444): arch=c000003e syscall=59 success=yes exit=0 a0=56444b3b3db0 a1=56444b3af2a0 a2=7fffe5e62c58 a3=8 items=3 ppid=1313 pid=1356 auid=1000 uid=0 gid=0 euid=0 suid=0 fsuid=0 egid=0 sgid=0 fsgid=0 tty=(none) ses=4 comm="95-hwe-eol" exe="/usr/bin/dash" subj=unconfined key="root_commands"ARCH=x86_64 SYSCALL=execve AUID="alumno" UID="root" GID="root" EUID="root" SUID="root" FSUID="root" EGID="root" SGID="root" FSGID="root"
type=EXECVE msg=audit(1779748056.100:444): argc=2 a0="/bin/sh" a1="/etc/update-motd.d/95-hwe-eol"
type=CWD msg=audit(1779748056.100:444): cwd="/"
type=PATH msg=audit(1779748056.100:444): item=0 name="/etc/update-motd.d/95-hwe-eol" inode=1050018 dev=08:02 mode=0100755 ouid=0 ogid=0 rdev=00:00 nametype=NORMAL cap_fp=0 cap_fi=0 cap_fe=0 cap_fver=0 cap_frootid=0OUID="root" OGID="root"
type=PATH msg=audit(1779748056.100:444): item=1 name="/bin/sh" inode=1180235 dev=08:02 mode=0100755 ouid=0 ogid=0 rdev=00:00 nametype=NORMAL cap_fp=0 cap_fi=0 cap_fe=0 cap_fver=0 cap_frootid=0OUID="root" OGID="root"
type=PATH msg=audit(1779748056.100:444): item=2 name="/lib64/ld-linux-x86-64.so.2" inode=1189749 dev=08:02 mode=0100755 ouid=0 ogid=0 rdev=00:00 nametype=NORMAL cap_fp=0 cap_fi=0 cap_fe=0 cap_fver=0 cap_frootid=0OUID="root" OGID="root"
type=PROCTITLE msg=audit(1779748056.100:444): proctitle=2F62696E2F7368002F6574632F7570646174652D6D6F74642E642F39352D6877652D656F6C
type=SYSCALL msg=audit(1779748056.100:445): arch=c000003e syscall=59 success=yes exit=0 a0=55d3bbbf4618 a1=55d3bbbf45b8 a2=55d3bbbf4600 a3=0 items=2 ppid=1356 pid=1357 auid=1000 uid=0 gid=0 euid=0 suid=0 fsuid=0 egid=0 sgid=0 fsgid=0 tty=(none) ses=4 comm="find" exe="/usr/bin/find" subj=unconfined key="root_commands"ARCH=x86_64 SYSCALL=execve AUID="alumno" UID="root" GID="root" EUID="root" SUID="root" FSUID="root" EGID="root" SGID="root" FSGID="root"
type=EXECVE msg=audit(1779748056.100:445): argc=4 a0="find" a1="/var/lib/update-notifier/hwe-eol" a2="-newermt" a3=6E6F772D312064617973
type=CWD msg=audit(1779748056.100:445): cwd="/"
type=PATH msg=audit(1779748056.100:445): item=0 name="/usr/bin/find" inode=1180306 dev=08:02 mode=0100755 ouid=0 ogid=0 rdev=00:00 nametype=NORMAL cap_fp=0 cap_fi=0 cap_fe=0 cap_fver=0 cap_frootid=0OUID="root" OGID="root"
type=PATH msg=audit(1779748056.100:445): item=1 name="/lib64/ld-linux-x86-64.so.2" inode=1189749 dev=08:02 mode=0100755 ouid=0 ogid=0 rdev=00:00 nametype=NORMAL cap_fp=0 cap_fi=0 cap_fe=0 cap_fver=0 cap_frootid=0OUID="root" OGID="root"
type=PROCTITLE msg=audit(1779748056.100:445): proctitle=66696E64002F7661722F6C69622F7570646174652D6E6F7469666965722F6877652D656F6C002D6E657765726D74006E6F772D312064617973
type=SYSCALL msg=audit(1779748056.104:446): arch=c000003e syscall=59 success=yes exit=0 a0=56444b3b3db0 a1=56444b3af2a0 a2=7fffe5e62c58 a3=8 items=3 ppid=1313 pid=1358 auid=1000 uid=0 gid=0 euid=0 suid=0 fsuid=0 egid=0 sgid=0 fsgid=0 tty=(none) ses=4 comm="97-overlayroot" exe="/usr/bin/dash" subj=unconfined key="root_commands"ARCH=x86_64 SYSCALL=execve AUID="alumno" UID="root" GID="root" EUID="root" SUID="root" FSUID="root" EGID="root" SGID="root" FSGID="root"
type=EXECVE msg=audit(1779748056.104:446): argc=2 a0="/bin/sh" a1="/etc/update-motd.d/97-overlayroot"
type=CWD msg=audit(1779748056.104:446): cwd="/"
type=PATH msg=audit(1779748056.104:446): item=0 name="/etc/update-motd.d/97-overlayroot" inode=1050019 dev=08:02 mode=0100755 ouid=0 ogid=0 rdev=00:00 nametype=NORMAL cap_fp=0 cap_fi=0 cap_fe=0 cap_fver=0 cap_frootid=0OUID="root" OGID="root"
type=PATH msg=audit(1779748056.104:446): item=1 name="/bin/sh" inode=1180235 dev=08:02 mode=0100755 ouid=0 ogid=0 rdev=00:00 nametype=NORMAL cap_fp=0 cap_fi=0 cap_fe=0 cap_fver=0 cap_frootid=0OUID="root" OGID="root"
type=PATH msg=audit(1779748056.104:446): item=2 name="/lib64/ld-linux-x86-64.so.2" inode=1189749 dev=08:02 mode=0100755 ouid=0 ogid=0 rdev=00:00 nametype=NORMAL cap_fp=0 cap_fi=0 cap_fe=0 cap_fver=0 cap_frootid=0OUID="root" OGID="root"
type=PROCTITLE msg=audit(1779748056.104:446): proctitle=2F62696E2F7368002F6574632F7570646174652D6D6F74642E642F39372D6F7665726C6179726F6F74
type=SYSCALL msg=audit(1779748056.108:447): arch=c000003e syscall=59 success=yes exit=0 a0=55bcc1003480 a1=55bcc1003428 a2=55bcc1003468 a3=1b6 items=3 ppid=1359 pid=1360 auid=1000 uid=0 gid=0 euid=0 suid=0 fsuid=0 egid=0 sgid=0 fsgid=0 tty=(none) ses=4 comm="egrep" exe="/usr/bin/dash" subj=unconfined key="root_commands"ARCH=x86_64 SYSCALL=execve AUID="alumno" UID="root" GID="root" EUID="root" SUID="root" FSUID="root" EGID="root" SGID="root" FSGID="root"
type=EXECVE msg=audit(1779748056.108:447): argc=4 a0="/bin/sh" a1="/usr/bin/egrep" a2="overlayroot|/media/root-ro|/media/root-rw" a3="/proc/mounts"
type=CWD msg=audit(1779748056.108:447): cwd="/"
type=PATH msg=audit(1779748056.108:447): item=0 name="/usr/bin/egrep" inode=1180287 dev=08:02 mode=0100755 ouid=0 ogid=0 rdev=00:00 nametype=NORMAL cap_fp=0 cap_fi=0 cap_fe=0 cap_fver=0 cap_frootid=0OUID="root" OGID="root"
type=PATH msg=audit(1779748056.108:447): item=1 name="/bin/sh" inode=1180235 dev=08:02 mode=0100755 ouid=0 ogid=0 rdev=00:00 nametype=NORMAL cap_fp=0 cap_fi=0 cap_fe=0 cap_fver=0 cap_frootid=0OUID="root" OGID="root"
type=PATH msg=audit(1779748056.108:447): item=2 name="/lib64/ld-linux-x86-64.so.2" inode=1189749 dev=08:02 mode=0100755 ouid=0 ogid=0 rdev=00:00 nametype=NORMAL cap_fp=0 cap_fi=0 cap_fe=0 cap_fver=0 cap_frootid=0OUID="root" OGID="root"
type=PROCTITLE msg=audit(1779748056.108:447): proctitle=2F62696E2F7368002F7573722F62696E2F6567726570006F7665726C6179726F6F747C2F6D656469612F726F6F742D726F7C2F6D656469612F726F6F742D7277002F70726F632F6D6F756E7473
type=SYSCALL msg=audit(1779748056.108:448): arch=c000003e syscall=59 success=yes exit=0 a0=55bcc1003408 a1=55bcc10033d8 a2=55bcc10033f0 a3=3 items=2 ppid=1359 pid=1361 auid=1000 uid=0 gid=0 euid=0 suid=0 fsuid=0 egid=0 sgid=0 fsgid=0 tty=(none) ses=4 comm="sort" exe="/usr/bin/sort" subj=unconfined key="root_commands"ARCH=x86_64 SYSCALL=execve AUID="alumno" UID="root" GID="root" EUID="root" SUID="root" FSUID="root" EGID="root" SGID="root" FSGID="root"
type=EXECVE msg=audit(1779748056.108:448): argc=2 a0="sort" a1="-r"
type=CWD msg=audit(1779748056.108:448): cwd="/"
type=PATH msg=audit(1779748056.108:448): item=0 name="/usr/bin/sort" inode=1211979 dev=08:02 mode=0100755 ouid=0 ogid=0 rdev=00:00 nametype=NORMAL cap_fp=0 cap_fi=0 cap_fe=0 cap_fver=0 cap_frootid=0OUID="root" OGID="root"
type=PATH msg=audit(1779748056.108:448): item=1 name="/lib64/ld-linux-x86-64.so.2" inode=1189749 dev=08:02 mode=0100755 ouid=0 ogid=0 rdev=00:00 nametype=NORMAL cap_fp=0 cap_fi=0 cap_fe=0 cap_fver=0 cap_frootid=0OUID="root" OGID="root"
type=PROCTITLE msg=audit(1779748056.108:448): proctitle=736F7274002D72
type=SYSCALL msg=audit(1779748056.112:449): arch=c000003e syscall=59 success=no exit=-2 a0=5556f22bb820 a1=5556f22bb7e0 a2=5556f22bb808 a3=1 items=1 ppid=1359 pid=1360 auid=1000 uid=0 gid=0 euid=0 suid=0 fsuid=0 egid=0 sgid=0 fsgid=0 tty=(none) ses=4 comm="egrep" exe="/usr/bin/dash" subj=unconfined key="root_commands"ARCH=x86_64 SYSCALL=execve AUID="alumno" UID="root" GID="root" EUID="root" SUID="root" FSUID="root" EGID="root" SGID="root" FSGID="root"
type=CWD msg=audit(1779748056.112:449): cwd="/"
type=PATH msg=audit(1779748056.112:449): item=0 name="/usr/local/sbin/grep" nametype=UNKNOWN cap_fp=0 cap_fi=0 cap_fe=0 cap_fver=0 cap_frootid=0
type=PROCTITLE msg=audit(1779748056.112:449): proctitle=2F62696E2F7368002F7573722F62696E2F6567726570006F7665726C6179726F6F747C2F6D656469612F726F6F742D726F7C2F6D656469612F726F6F742D7277002F70726F632F6D6F756E7473
type=SYSCALL msg=audit(1779748056.112:450): arch=c000003e syscall=59 success=no exit=-2 a0=5556f22bb820 a1=5556f22bb7e0 a2=5556f22bb808 a3=1 items=1 ppid=1359 pid=1360 auid=1000 uid=0 gid=0 euid=0 suid=0 fsuid=0 egid=0 sgid=0 fsgid=0 tty=(none) ses=4 comm="egrep" exe="/usr/bin/dash" subj=unconfined key="root_commands"ARCH=x86_64 SYSCALL=execve AUID="alumno" UID="root" GID="root" EUID="root" SUID="root" FSUID="root" EGID="root" SGID="root" FSGID="root"
type=CWD msg=audit(1779748056.112:450): cwd="/"
type=PATH msg=audit(1779748056.112:450): item=0 name="/usr/local/bin/grep" nametype=UNKNOWN cap_fp=0 cap_fi=0 cap_fe=0 cap_fver=0 cap_frootid=0
type=PROCTITLE msg=audit(1779748056.112:450): proctitle=2F62696E2F7368002F7573722F62696E2F6567726570006F7665726C6179726F6F747C2F6D656469612F726F6F742D726F7C2F6D656469612F726F6F742D7277002F70726F632F6D6F756E7473
type=SYSCALL msg=audit(1779748056.112:451): arch=c000003e syscall=59 success=no exit=-2 a0=5556f22bb820 a1=5556f22bb7e0 a2=5556f22bb808 a3=1 items=1 ppid=1359 pid=1360 auid=1000 uid=0 gid=0 euid=0 suid=0 fsuid=0 egid=0 sgid=0 fsgid=0 tty=(none) ses=4 comm="egrep" exe="/usr/bin/dash" subj=unconfined key="root_commands"ARCH=x86_64 SYSCALL=execve AUID="alumno" UID="root" GID="root" EUID="root" SUID="root" FSUID="root" EGID="root" SGID="root" FSGID="root"
type=CWD msg=audit(1779748056.112:451): cwd="/"
type=PATH msg=audit(1779748056.112:451): item=0 name="/usr/sbin/grep" nametype=UNKNOWN cap_fp=0 cap_fi=0 cap_fe=0 cap_fver=0 cap_frootid=0
type=PROCTITLE msg=audit(1779748056.112:451): proctitle=2F62696E2F7368002F7573722F62696E2F6567726570006F7665726C6179726F6F747C2F6D656469612F726F6F742D726F7C2F6D656469612F726F6F742D7277002F70726F632F6D6F756E7473
type=SYSCALL msg=audit(1779748056.112:452): arch=c000003e syscall=59 success=yes exit=0 a0=5556f22bb820 a1=5556f22bb7e0 a2=5556f22bb808 a3=1 items=2 ppid=1359 pid=1360 auid=1000 uid=0 gid=0 euid=0 suid=0 fsuid=0 egid=0 sgid=0 fsgid=0 tty=(none) ses=4 comm="grep" exe="/usr/bin/grep" subj=unconfined key="root_commands"ARCH=x86_64 SYSCALL=execve AUID="alumno" UID="root" GID="root" EUID="root" SUID="root" FSUID="root" EGID="root" SGID="root" FSGID="root"
type=EXECVE msg=audit(1779748056.112:452): argc=4 a0="grep" a1="-E" a2="overlayroot|/media/root-ro|/media/root-rw" a3="/proc/mounts"
type=CWD msg=audit(1779748056.112:452): cwd="/"
type=PATH msg=audit(1779748056.112:452): item=0 name="/usr/bin/grep" inode=1180343 dev=08:02 mode=0100755 ouid=0 ogid=0 rdev=00:00 nametype=NORMAL cap_fp=0 cap_fi=0 cap_fe=0 cap_fver=0 cap_frootid=0OUID="root" OGID="root"
type=PATH msg=audit(1779748056.112:452): item=1 name="/lib64/ld-linux-x86-64.so.2" inode=1189749 dev=08:02 mode=0100755 ouid=0 ogid=0 rdev=00:00 nametype=NORMAL cap_fp=0 cap_fi=0 cap_fe=0 cap_fver=0 cap_frootid=0OUID="root" OGID="root"
type=PROCTITLE msg=audit(1779748056.112:452): proctitle=2F62696E2F7368002F7573722F62696E2F6567726570006F7665726C6179726F6F747C2F6D656469612F726F6F742D726F7C2F6D656469612F726F6F742D7277002F70726F632F6D6F756E7473
type=SYSCALL msg=audit(1779748056.116:453): arch=c000003e syscall=59 success=yes exit=0 a0=56444b3b3db0 a1=56444b3af2a0 a2=7fffe5e62c58 a3=8 items=3 ppid=1313 pid=1362 auid=1000 uid=0 gid=0 euid=0 suid=0 fsuid=0 egid=0 sgid=0 fsgid=0 tty=(none) ses=4 comm="98-fsck-at-rebo" exe="/usr/bin/dash" subj=unconfined key="root_commands"ARCH=x86_64 SYSCALL=execve AUID="alumno" UID="root" GID="root" EUID="root" SUID="root" FSUID="root" EGID="root" SGID="root" FSGID="root"
type=EXECVE msg=audit(1779748056.116:453): argc=2 a0="/bin/sh" a1="/etc/update-motd.d/98-fsck-at-reboot"
type=CWD msg=audit(1779748056.116:453): cwd="/"
type=PATH msg=audit(1779748056.116:453): item=0 name="/etc/update-motd.d/98-fsck-at-reboot" inode=1050020 dev=08:02 mode=0100755 ouid=0 ogid=0 rdev=00:00 nametype=NORMAL cap_fp=0 cap_fi=0 cap_fe=0 cap_fver=0 cap_frootid=0OUID="root" OGID="root"
type=PATH msg=audit(1779748056.116:453): item=1 name="/bin/sh" inode=1180235 dev=08:02 mode=0100755 ouid=0 ogid=0 rdev=00:00 nametype=NORMAL cap_fp=0 cap_fi=0 cap_fe=0 cap_fver=0 cap_frootid=0OUID="root" OGID="root"
type=PATH msg=audit(1779748056.116:453): item=2 name="/lib64/ld-linux-x86-64.so.2" inode=1189749 dev=08:02 mode=0100755 ouid=0 ogid=0 rdev=00:00 nametype=NORMAL cap_fp=0 cap_fi=0 cap_fe=0 cap_fver=0 cap_frootid=0OUID="root" OGID="root"
type=PROCTITLE msg=audit(1779748056.116:453): proctitle=2F62696E2F7368002F6574632F7570646174652D6D6F74642E642F39382D6673636B2D61742D7265626F6F74
type=SYSCALL msg=audit(1779748056.116:454): arch=c000003e syscall=59 success=yes exit=0 a0=56391c29b378 a1=56391c29b3d0 a2=56391c29b3e0 a3=34 items=3 ppid=1313 pid=1362 auid=1000 uid=0 gid=0 euid=0 suid=0 fsuid=0 egid=0 sgid=0 fsgid=0 tty=(none) ses=4 comm="update-motd-fsc" exe="/usr/bin/dash" subj=unconfined key="root_commands"ARCH=x86_64 SYSCALL=execve AUID="alumno" UID="root" GID="root" EUID="root" SUID="root" FSUID="root" EGID="root" SGID="root" FSGID="root"
type=EXECVE msg=audit(1779748056.116:454): argc=2 a0="/bin/sh" a1="/usr/lib/update-notifier/update-motd-fsck-at-reboot"
type=CWD msg=audit(1779748056.116:454): cwd="/"
type=PATH msg=audit(1779748056.116:454): item=0 name="/usr/lib/update-notifier/update-motd-fsck-at-reboot" inode=1190636 dev=08:02 mode=0100755 ouid=0 ogid=0 rdev=00:00 nametype=NORMAL cap_fp=0 cap_fi=0 cap_fe=0 cap_fver=0 cap_frootid=0OUID="root" OGID="root"
type=PATH msg=audit(1779748056.116:454): item=1 name="/bin/sh" inode=1180235 dev=08:02 mode=0100755 ouid=0 ogid=0 rdev=00:00 nametype=NORMAL cap_fp=0 cap_fi=0 cap_fe=0 cap_fver=0 cap_frootid=0OUID="root" OGID="root"
type=PATH msg=audit(1779748056.116:454): item=2 name="/lib64/ld-linux-x86-64.so.2" inode=1189749 dev=08:02 mode=0100755 ouid=0 ogid=0 rdev=00:00 nametype=NORMAL cap_fp=0 cap_fi=0 cap_fe=0 cap_fver=0 cap_frootid=0OUID="root" OGID="root"
type=PROCTITLE msg=audit(1779748056.116:454): proctitle=2F62696E2F7368002F6574632F7570646174652D6D6F74642E642F39382D6673636B2D61742D7265626F6F74
type=SYSCALL msg=audit(1779748056.120:455): arch=c000003e syscall=59 success=yes exit=0 a0=564f19ae66a0 a1=564f19ae6670 a2=564f19ae6688 a3=0 items=2 ppid=1362 pid=1363 auid=1000 uid=0 gid=0 euid=0 suid=0 fsuid=0 egid=0 sgid=0 fsgid=0 tty=(none) ses=4 comm="id" exe="/usr/bin/id" subj=unconfined key="root_commands"ARCH=x86_64 SYSCALL=execve AUID="alumno" UID="root" GID="root" EUID="root" SUID="root" FSUID="root" EGID="root" SGID="root" FSGID="root"
type=EXECVE msg=audit(1779748056.120:455): argc=2 a0="id" a1="-u"
type=CWD msg=audit(1779748056.120:455): cwd="/"
type=PATH msg=audit(1779748056.120:455): item=0 name="/usr/bin/id" inode=1211919 dev=08:02 mode=0100755 ouid=0 ogid=0 rdev=00:00 nametype=NORMAL cap_fp=0 cap_fi=0 cap_fe=0 cap_fver=0 cap_frootid=0OUID="root" OGID="root"
type=PATH msg=audit(1779748056.120:455): item=1 name="/lib64/ld-linux-x86-64.so.2" inode=1189749 dev=08:02 mode=0100755 ouid=0 ogid=0 rdev=00:00 nametype=NORMAL cap_fp=0 cap_fi=0 cap_fe=0 cap_fver=0 cap_frootid=0OUID="root" OGID="root"
type=PROCTITLE msg=audit(1779748056.120:455): proctitle=6964002D75
type=SYSCALL msg=audit(1779748056.124:456): arch=c000003e syscall=59 success=yes exit=0 a0=564f19ae64f8 a1=564f19ae64b8 a2=564f19ae64e0 a3=0 items=2 ppid=1362 pid=1364 auid=1000 uid=0 gid=0 euid=0 suid=0 fsuid=0 egid=0 sgid=0 fsgid=0 tty=(none) ses=4 comm="stat" exe="/usr/bin/stat" subj=unconfined key="root_commands"ARCH=x86_64 SYSCALL=execve AUID="alumno" UID="root" GID="root" EUID="root" SUID="root" FSUID="root" EGID="root" SGID="root" FSGID="root"
type=EXECVE msg=audit(1779748056.124:456): argc=4 a0="stat" a1="-c" a2="%Y" a3="/var/lib/update-notifier/fsck-at-reboot"
type=CWD msg=audit(1779748056.124:456): cwd="/"
type=PATH msg=audit(1779748056.124:456): item=0 name="/usr/bin/stat" inode=1211983 dev=08:02 mode=0100755 ouid=0 ogid=0 rdev=00:00 nametype=NORMAL cap_fp=0 cap_fi=0 cap_fe=0 cap_fver=0 cap_frootid=0OUID="root" OGID="root"
type=PATH msg=audit(1779748056.124:456): item=1 name="/lib64/ld-linux-x86-64.so.2" inode=1189749 dev=08:02 mode=0100755 ouid=0 ogid=0 rdev=00:00 nametype=NORMAL cap_fp=0 cap_fi=0 cap_fe=0 cap_fver=0 cap_frootid=0OUID="root" OGID="root"
type=PROCTITLE msg=audit(1779748056.124:456): proctitle=73746174002D63002559002F7661722F6C69622F7570646174652D6E6F7469666965722F6673636B2D61742D7265626F6F74
type=SYSCALL msg=audit(1779748056.128:457): arch=c000003e syscall=59 success=yes exit=0 a0=564f19ae6458 a1=564f19ae6420 a2=564f19ae6440 a3=0 items=2 ppid=1365 pid=1366 auid=1000 uid=0 gid=0 euid=0 suid=0 fsuid=0 egid=0 sgid=0 fsgid=0 tty=(none) ses=4 comm="awk" exe="/usr/bin/gawk" subj=unconfined key="root_commands"ARCH=x86_64 SYSCALL=execve AUID="alumno" UID="root" GID="root" EUID="root" SUID="root" FSUID="root" EGID="root" SGID="root" FSGID="root"
type=EXECVE msg=audit(1779748056.128:457): argc=3 a0="awk" a1=7B7072696E742024317D a2="/proc/uptime"
type=CWD msg=audit(1779748056.128:457): cwd="/"
type=PATH msg=audit(1779748056.128:457): item=0 name="/usr/bin/awk" inode=1180318 dev=08:02 mode=0100755 ouid=0 ogid=0 rdev=00:00 nametype=NORMAL cap_fp=0 cap_fi=0 cap_fe=0 cap_fver=0 cap_frootid=0OUID="root" OGID="root"
type=PATH msg=audit(1779748056.128:457): item=1 name="/lib64/ld-linux-x86-64.so.2" inode=1189749 dev=08:02 mode=0100755 ouid=0 ogid=0 rdev=00:00 nametype=NORMAL cap_fp=0 cap_fi=0 cap_fe=0 cap_fver=0 cap_frootid=0OUID="root" OGID="root"
type=PROCTITLE msg=audit(1779748056.128:457): proctitle=61776B007B7072696E742024317D002F70726F632F757074696D65
type=SYSCALL msg=audit(1779748056.132:458): arch=c000003e syscall=59 success=yes exit=0 a0=564f19ae6448 a1=564f19ae6408 a2=564f19ae6430 a3=0 items=2 ppid=1362 pid=1365 auid=1000 uid=0 gid=0 euid=0 suid=0 fsuid=0 egid=0 sgid=0 fsgid=0 tty=(none) ses=4 comm="date" exe="/usr/bin/date" subj=unconfined key="root_commands"ARCH=x86_64 SYSCALL=execve AUID="alumno" UID="root" GID="root" EUID="root" SUID="root" FSUID="root" EGID="root" SGID="root" FSGID="root"
type=EXECVE msg=audit(1779748056.132:458): argc=4 a0="date" a1="-d" a2=6E6F77202D20313936302E3430207365636F6E6473 a3="+%s"
type=CWD msg=audit(1779748056.132:458): cwd="/"
type=PATH msg=audit(1779748056.132:458): item=0 name="/usr/bin/date" inode=1211825 dev=08:02 mode=0100755 ouid=0 ogid=0 rdev=00:00 nametype=NORMAL cap_fp=0 cap_fi=0 cap_fe=0 cap_fver=0 cap_frootid=0OUID="root" OGID="root"
type=PATH msg=audit(1779748056.132:458): item=1 name="/lib64/ld-linux-x86-64.so.2" inode=1189749 dev=08:02 mode=0100755 ouid=0 ogid=0 rdev=00:00 nametype=NORMAL cap_fp=0 cap_fi=0 cap_fe=0 cap_fver=0 cap_frootid=0OUID="root" OGID="root"
type=PROCTITLE msg=audit(1779748056.132:458): proctitle=64617465002D64006E6F77202D20313936302E3430207365636F6E6473002B2573
type=SYSCALL msg=audit(1779748056.132:459): arch=c000003e syscall=59 success=yes exit=0 a0=564efcb9a7b0 a1=564efcb9a780 a2=564efcb9a798 a3=0 items=2 ppid=1362 pid=1367 auid=1000 uid=0 gid=0 euid=0 suid=0 fsuid=0 egid=0 sgid=0 fsgid=0 tty=(none) ses=4 comm="date" exe="/usr/bin/date" subj=unconfined key="root_commands"ARCH=x86_64 SYSCALL=execve AUID="alumno" UID="root" GID="root" EUID="root" SUID="root" FSUID="root" EGID="root" SGID="root" FSGID="root"
type=EXECVE msg=audit(1779748056.132:459): argc=2 a0="date" a1="+%s"
type=CWD msg=audit(1779748056.132:459): cwd="/"
type=PATH msg=audit(1779748056.132:459): item=0 name="/usr/bin/date" inode=1211825 dev=08:02 mode=0100755 ouid=0 ogid=0 rdev=00:00 nametype=NORMAL cap_fp=0 cap_fi=0 cap_fe=0 cap_fver=0 cap_frootid=0OUID="root" OGID="root"
type=PATH msg=audit(1779748056.132:459): item=1 name="/lib64/ld-linux-x86-64.so.2" inode=1189749 dev=08:02 mode=0100755 ouid=0 ogid=0 rdev=00:00 nametype=NORMAL cap_fp=0 cap_fi=0 cap_fe=0 cap_fver=0 cap_frootid=0OUID="root" OGID="root"
type=PROCTITLE msg=audit(1779748056.132:459): proctitle=64617465002B2573
type=SYSCALL msg=audit(1779748056.136:460): arch=c000003e syscall=59 success=yes exit=0 a0=564efcb9a768 a1=564efcb9a738 a2=564efcb9a750 a3=8 items=2 ppid=1362 pid=1368 auid=1000 uid=0 gid=0 euid=0 suid=0 fsuid=0 egid=0 sgid=0 fsgid=0 tty=(none) ses=4 comm="cat" exe="/usr/bin/cat" subj=unconfined key="root_commands"ARCH=x86_64 SYSCALL=execve AUID="alumno" UID="root" GID="root" EUID="root" SUID="root" FSUID="root" EGID="root" SGID="root" FSGID="root"
type=EXECVE msg=audit(1779748056.136:460): argc=2 a0="cat" a1="/var/lib/update-notifier/fsck-at-reboot"
type=CWD msg=audit(1779748056.136:460): cwd="/"
type=PATH msg=audit(1779748056.136:460): item=0 name="/usr/bin/cat" inode=1191030 dev=08:02 mode=0100755 ouid=0 ogid=0 rdev=00:00 nametype=NORMAL cap_fp=0 cap_fi=0 cap_fe=0 cap_fver=0 cap_frootid=0OUID="root" OGID="root"
type=PATH msg=audit(1779748056.136:460): item=1 name="/lib64/ld-linux-x86-64.so.2" inode=1189749 dev=08:02 mode=0100755 ouid=0 ogid=0 rdev=00:00 nametype=NORMAL cap_fp=0 cap_fi=0 cap_fe=0 cap_fver=0 cap_frootid=0OUID="root" OGID="root"
type=PROCTITLE msg=audit(1779748056.136:460): proctitle=636174002F7661722F6C69622F7570646174652D6E6F7469666965722F6673636B2D61742D7265626F6F74
type=SYSCALL msg=audit(1779748056.140:461): arch=c000003e syscall=59 success=yes exit=0 a0=56444b3b3db0 a1=56444b3af2a0 a2=7fffe5e62c58 a3=8 items=3 ppid=1313 pid=1369 auid=1000 uid=0 gid=0 euid=0 suid=0 fsuid=0 egid=0 sgid=0 fsgid=0 tty=(none) ses=4 comm="98-reboot-requi" exe="/usr/bin/dash" subj=unconfined key="root_commands"ARCH=x86_64 SYSCALL=execve AUID="alumno" UID="root" GID="root" EUID="root" SUID="root" FSUID="root" EGID="root" SGID="root" FSGID="root"
type=EXECVE msg=audit(1779748056.140:461): argc=2 a0="/bin/sh" a1="/etc/update-motd.d/98-reboot-required"
type=CWD msg=audit(1779748056.140:461): cwd="/"
type=PATH msg=audit(1779748056.140:461): item=0 name="/etc/update-motd.d/98-reboot-required" inode=1050021 dev=08:02 mode=0100755 ouid=0 ogid=0 rdev=00:00 nametype=NORMAL cap_fp=0 cap_fi=0 cap_fe=0 cap_fver=0 cap_frootid=0OUID="root" OGID="root"
type=PATH msg=audit(1779748056.140:461): item=1 name="/bin/sh" inode=1180235 dev=08:02 mode=0100755 ouid=0 ogid=0 rdev=00:00 nametype=NORMAL cap_fp=0 cap_fi=0 cap_fe=0 cap_fver=0 cap_frootid=0OUID="root" OGID="root"
type=PATH msg=audit(1779748056.140:461): item=2 name="/lib64/ld-linux-x86-64.so.2" inode=1189749 dev=08:02 mode=0100755 ouid=0 ogid=0 rdev=00:00 nametype=NORMAL cap_fp=0 cap_fi=0 cap_fe=0 cap_fver=0 cap_frootid=0OUID="root" OGID="root"
type=PROCTITLE msg=audit(1779748056.140:461): proctitle=2F62696E2F7368002F6574632F7570646174652D6D6F74642E642F39382D7265626F6F742D7265717569726564
type=SYSCALL msg=audit(1779748056.140:462): arch=c000003e syscall=59 success=yes exit=0 a0=560cc1bdf378 a1=560cc1bdf3d0 a2=560cc1bdf3e0 a3=35 items=3 ppid=1313 pid=1369 auid=1000 uid=0 gid=0 euid=0 suid=0 fsuid=0 egid=0 sgid=0 fsgid=0 tty=(none) ses=4 comm="update-motd-reb" exe="/usr/bin/dash" subj=unconfined key="root_commands"ARCH=x86_64 SYSCALL=execve AUID="alumno" UID="root" GID="root" EUID="root" SUID="root" FSUID="root" EGID="root" SGID="root" FSGID="root"
type=EXECVE msg=audit(1779748056.140:462): argc=3 a0="/bin/sh" a1="-e" a2="/usr/lib/update-notifier/update-motd-reboot-required"
type=CWD msg=audit(1779748056.140:462): cwd="/"
type=PATH msg=audit(1779748056.140:462): item=0 name="/usr/lib/update-notifier/update-motd-reboot-required" inode=1190638 dev=08:02 mode=0100755 ouid=0 ogid=0 rdev=00:00 nametype=NORMAL cap_fp=0 cap_fi=0 cap_fe=0 cap_fver=0 cap_frootid=0OUID="root" OGID="root"
type=PATH msg=audit(1779748056.140:462): item=1 name="/bin/sh" inode=1180235 dev=08:02 mode=0100755 ouid=0 ogid=0 rdev=00:00 nametype=NORMAL cap_fp=0 cap_fi=0 cap_fe=0 cap_fver=0 cap_frootid=0OUID="root" OGID="root"
type=PATH msg=audit(1779748056.140:462): item=2 name="/lib64/ld-linux-x86-64.so.2" inode=1189749 dev=08:02 mode=0100755 ouid=0 ogid=0 rdev=00:00 nametype=NORMAL cap_fp=0 cap_fi=0 cap_fe=0 cap_fver=0 cap_frootid=0OUID="root" OGID="root"
type=PROCTITLE msg=audit(1779748056.140:462): proctitle=2F62696E2F7368002F6574632F7570646174652D6D6F74642E642F39382D7265626F6F742D7265717569726564
type=SYSCALL msg=audit(1779748078.328:497): arch=c000003e syscall=59 success=yes exit=0 a0=559e428ca548 a1=559e428cb5c0 a2=559e428e1580 a3=0 items=2 ppid=1382 pid=1383 auid=1000 uid=0 gid=0 euid=0 suid=0 fsuid=0 egid=0 sgid=0 fsgid=0 tty=pts1 ses=4 comm="apt-get" exe="/usr/bin/apt-get" subj=unconfined key="root_commands"ARCH=x86_64 SYSCALL=execve AUID="alumno" UID="root" GID="root" EUID="root" SUID="root" FSUID="root" EGID="root" SGID="root" FSGID="root"
type=EXECVE msg=audit(1779748078.328:497): argc=2 a0="apt-get" a1="update"
type=CWD msg=audit(1779748078.328:497): cwd="/home/alumno"
type=PATH msg=audit(1779748078.328:497): item=0 name="/usr/bin/apt-get" inode=1189169 dev=08:02 mode=0100755 ouid=0 ogid=0 rdev=00:00 nametype=NORMAL cap_fp=0 cap_fi=0 cap_fe=0 cap_fver=0 cap_frootid=0OUID="root" OGID="root"
type=PATH msg=audit(1779748078.328:497): item=1 name="/lib64/ld-linux-x86-64.so.2" inode=1189749 dev=08:02 mode=0100755 ouid=0 ogid=0 rdev=00:00 nametype=NORMAL cap_fp=0 cap_fi=0 cap_fe=0 cap_fver=0 cap_frootid=0OUID="root" OGID="root"
type=PROCTITLE msg=audit(1779748078.328:497): proctitle=6170742D67657400757064617465
type=SYSCALL msg=audit(1779748078.332:498): arch=c000003e syscall=59 success=yes exit=0 a0=55c491bd4480 a1=55c491be4070 a2=7ffd3109fca0 a3=55c491bd5110 items=2 ppid=1383 pid=1384 auid=1000 uid=0 gid=0 euid=0 suid=0 fsuid=0 egid=0 sgid=0 fsgid=0 tty=pts1 ses=4 comm="dpkg" exe="/usr/bin/dpkg" subj=unconfined key="root_commands"ARCH=x86_64 SYSCALL=execve AUID="alumno" UID="root" GID="root" EUID="root" SUID="root" FSUID="root" EGID="root" SGID="root" FSGID="root"
type=EXECVE msg=audit(1779748078.332:498): argc=2 a0="/usr/bin/dpkg" a1="--print-foreign-architectures"
type=CWD msg=audit(1779748078.332:498): cwd="/home/alumno"
type=PATH msg=audit(1779748078.332:498): item=0 name="/usr/bin/dpkg" inode=1180605 dev=08:02 mode=0100755 ouid=0 ogid=0 rdev=00:00 nametype=NORMAL cap_fp=0 cap_fi=0 cap_fe=0 cap_fver=0 cap_frootid=0OUID="root" OGID="root"
type=PATH msg=audit(1779748078.332:498): item=1 name="/lib64/ld-linux-x86-64.so.2" inode=1189749 dev=08:02 mode=0100755 ouid=0 ogid=0 rdev=00:00 nametype=NORMAL cap_fp=0 cap_fi=0 cap_fe=0 cap_fver=0 cap_frootid=0OUID="root" OGID="root"
type=PROCTITLE msg=audit(1779748078.332:498): proctitle=2F7573722F62696E2F64706B67002D2D7072696E742D666F726569676E2D61726368697465637475726573
type=SYSCALL msg=audit(1779748078.380:501): arch=c000003e syscall=59 success=yes exit=0 a0=55c491be3de0 a1=7ffd3109ebe0 a2=7ffd3109fca0 a3=7fbce80d1ac0 items=2 ppid=1383 pid=1385 auid=1000 uid=0 gid=0 euid=0 suid=0 fsuid=0 egid=0 sgid=0 fsgid=0 tty=pts1 ses=4 comm="http" exe="/usr/lib/apt/methods/http" subj=unconfined key="root_commands"ARCH=x86_64 SYSCALL=execve AUID="alumno" UID="root" GID="root" EUID="root" SUID="root" FSUID="root" EGID="root" SGID="root" FSGID="root"
type=EXECVE msg=audit(1779748078.380:501): argc=1 a0="/usr/lib/apt/methods/http"
type=CWD msg=audit(1779748078.380:501): cwd="/home/alumno"
type=PATH msg=audit(1779748078.380:501): item=0 name="/usr/lib/apt/methods/http" inode=1189181 dev=08:02 mode=0100755 ouid=0 ogid=0 rdev=00:00 nametype=NORMAL cap_fp=0 cap_fi=0 cap_fe=0 cap_fver=0 cap_frootid=0OUID="root" OGID="root"
type=PATH msg=audit(1779748078.380:501): item=1 name="/lib64/ld-linux-x86-64.so.2" inode=1189749 dev=08:02 mode=0100755 ouid=0 ogid=0 rdev=00:00 nametype=NORMAL cap_fp=0 cap_fi=0 cap_fe=0 cap_fver=0 cap_frootid=0OUID="root" OGID="root"
type=PROCTITLE msg=audit(1779748078.380:501): proctitle="/usr/lib/apt/methods/http"
type=SYSCALL msg=audit(1779748078.388:502): arch=c000003e syscall=59 success=yes exit=0 a0=7fbce80eb678 a1=7ffd3109f0b0 a2=7ffd3109fca0 a3=8 items=2 ppid=1386 pid=1387 auid=1000 uid=0 gid=0 euid=0 suid=0 fsuid=0 egid=0 sgid=0 fsgid=0 tty=pts1 ses=4 comm="sh" exe="/usr/bin/dash" subj=unconfined key="root_commands"ARCH=x86_64 SYSCALL=execve AUID="alumno" UID="root" GID="root" EUID="root" SUID="root" FSUID="root" EGID="root" SGID="root" FSGID="root"
type=EXECVE msg=audit(1779748078.388:502): argc=3 a0="sh" a1="-c" a2=5B2021202D65202F72756E2F73797374656D642F73797374656D205D207C7C205B2024286964202D7529202D6E652030205D207C7C2073797374656D63746C207374617274202D2D6E6F2D626C6F636B206170742D6E6577732E736572766963652065736D2D63616368652E73657276696365203E2F6465762F6E756C6C20323E2631207C7C2074727565
type=CWD msg=audit(1779748078.388:502): cwd="/tmp"
type=PATH msg=audit(1779748078.388:502): item=0 name="/bin/sh" inode=1180235 dev=08:02 mode=0100755 ouid=0 ogid=0 rdev=00:00 nametype=NORMAL cap_fp=0 cap_fi=0 cap_fe=0 cap_fver=0 cap_frootid=0OUID="root" OGID="root"
type=PATH msg=audit(1779748078.388:502): item=1 name="/lib64/ld-linux-x86-64.so.2" inode=1189749 dev=08:02 mode=0100755 ouid=0 ogid=0 rdev=00:00 nametype=NORMAL cap_fp=0 cap_fi=0 cap_fe=0 cap_fver=0 cap_frootid=0OUID="root" OGID="root"
type=PROCTITLE msg=audit(1779748078.388:502): proctitle=7368002D63005B2021202D65202F72756E2F73797374656D642F73797374656D205D207C7C205B2024286964202D7529202D6E652030205D207C7C2073797374656D63746C207374617274202D2D6E6F2D626C6F636B206170742D6E6577732E736572766963652065736D2D63616368652E73657276696365203E2F6465762F
type=SYSCALL msg=audit(1779748078.392:503): arch=c000003e syscall=59 success=yes exit=0 a0=556aca352b60 a1=556aca352a18 a2=556aca352ae8 a3=0 items=2 ppid=1387 pid=1388 auid=1000 uid=0 gid=0 euid=0 suid=0 fsuid=0 egid=0 sgid=0 fsgid=0 tty=pts1 ses=4 comm="id" exe="/usr/bin/id" subj=unconfined key="root_commands"ARCH=x86_64 SYSCALL=execve AUID="alumno" UID="root" GID="root" EUID="root" SUID="root" FSUID="root" EGID="root" SGID="root" FSGID="root"
type=EXECVE msg=audit(1779748078.392:503): argc=2 a0="id" a1="-u"
type=CWD msg=audit(1779748078.392:503): cwd="/tmp"
type=PATH msg=audit(1779748078.392:503): item=0 name="/usr/bin/id" inode=1211919 dev=08:02 mode=0100755 ouid=0 ogid=0 rdev=00:00 nametype=NORMAL cap_fp=0 cap_fi=0 cap_fe=0 cap_fver=0 cap_frootid=0OUID="root" OGID="root"
type=PATH msg=audit(1779748078.392:503): item=1 name="/lib64/ld-linux-x86-64.so.2" inode=1189749 dev=08:02 mode=0100755 ouid=0 ogid=0 rdev=00:00 nametype=NORMAL cap_fp=0 cap_fi=0 cap_fe=0 cap_fver=0 cap_frootid=0OUID="root" OGID="root"
type=PROCTITLE msg=audit(1779748078.392:503): proctitle=6964002D75
type=SYSCALL msg=audit(1779748078.392:504): arch=c000003e syscall=59 success=yes exit=0 a0=556aca352bb8 a1=556aca352af0 a2=556aca352b40 a3=8 items=2 ppid=1387 pid=1389 auid=1000 uid=0 gid=0 euid=0 suid=0 fsuid=0 egid=0 sgid=0 fsgid=0 tty=pts1 ses=4 comm="systemctl" exe="/usr/bin/systemctl" subj=unconfined key="root_commands"ARCH=x86_64 SYSCALL=execve AUID="alumno" UID="root" GID="root" EUID="root" SUID="root" FSUID="root" EGID="root" SGID="root" FSGID="root"
type=EXECVE msg=audit(1779748078.392:504): argc=5 a0="systemctl" a1="start" a2="--no-block" a3="apt-news.service" a4="esm-cache.service"
type=CWD msg=audit(1779748078.392:504): cwd="/tmp"
type=PATH msg=audit(1779748078.392:504): item=0 name="/usr/bin/systemctl" inode=1180455 dev=08:02 mode=0100755 ouid=0 ogid=0 rdev=00:00 nametype=NORMAL cap_fp=0 cap_fi=0 cap_fe=0 cap_fver=0 cap_frootid=0OUID="root" OGID="root"
type=PATH msg=audit(1779748078.392:504): item=1 name="/lib64/ld-linux-x86-64.so.2" inode=1189749 dev=08:02 mode=0100755 ouid=0 ogid=0 rdev=00:00 nametype=NORMAL cap_fp=0 cap_fi=0 cap_fe=0 cap_fver=0 cap_frootid=0OUID="root" OGID="root"
type=PROCTITLE msg=audit(1779748078.392:504): proctitle=73797374656D63746C007374617274002D2D6E6F2D626C6F636B006170742D6E6577732E736572766963650065736D2D63616368652E73657276696365
type=SYSCALL msg=audit(1779748078.396:505): arch=c000003e syscall=59 success=yes exit=0 a0=565077d97f10 a1=7ffc82bddbb0 a2=7ffc82bde0f8 a3=0 items=2 ppid=1389 pid=1390 auid=1000 uid=0 gid=0 euid=0 suid=0 fsuid=0 egid=0 sgid=0 fsgid=0 tty=pts1 ses=4 comm="systemd-tty-ask" exe="/usr/bin/systemd-tty-ask-password-agent" subj=unconfined key="root_commands"ARCH=x86_64 SYSCALL=execve AUID="alumno" UID="root" GID="root" EUID="root" SUID="root" FSUID="root" EGID="root" SGID="root" FSGID="root"
type=EXECVE msg=audit(1779748078.396:505): argc=2 a0="/bin/systemd-tty-ask-password-agent" a1="--watch"
type=CWD msg=audit(1779748078.396:505): cwd="/tmp"
type=PATH msg=audit(1779748078.396:505): item=0 name="/bin/systemd-tty-ask-password-agent" inode=1180503 dev=08:02 mode=0100755 ouid=0 ogid=0 rdev=00:00 nametype=NORMAL cap_fp=0 cap_fi=0 cap_fe=0 cap_fver=0 cap_frootid=0OUID="root" OGID="root"
type=PATH msg=audit(1779748078.396:505): item=1 name="/lib64/ld-linux-x86-64.so.2" inode=1189749 dev=08:02 mode=0100755 ouid=0 ogid=0 rdev=00:00 nametype=NORMAL cap_fp=0 cap_fi=0 cap_fe=0 cap_fver=0 cap_frootid=0OUID="root" OGID="root"
type=PROCTITLE msg=audit(1779748078.396:505): proctitle=2F62696E2F73797374656D642D7474792D61736B2D70617373776F72642D6167656E74002D2D7761746368
type=SYSCALL msg=audit(1779748078.408:506): arch=c000003e syscall=59 success=yes exit=0 a0=5570818af8f0 a1=55708198bbd0 a2=5570818b1b10 a3=7ffda7c25070 items=2 ppid=1 pid=1391 auid=4294967295 uid=0 gid=0 euid=0 suid=0 fsuid=0 egid=0 sgid=0 fsgid=0 tty=(none) ses=4294967295 comm="python3" exe="/usr/bin/python3.10" subj=ubuntu_pro_apt_news key="root_commands"ARCH=x86_64 SYSCALL=execve AUID="unset" UID="root" GID="root" EUID="root" SUID="root" FSUID="root" EGID="root" SGID="root" FSGID="root"
type=BPRM_FCAPS msg=audit(1779748078.408:506): fver=0 fp=0 fi=0 fe=0 old_pp=000001ffffffffff old_pi=0 old_pe=000001ffffffffff old_pa=0 pp=000001ffffd7cbff pi=0 pe=000001ffffd7cbff pa=0 frootid=0
type=EXECVE msg=audit(1779748078.408:506): argc=2 a0="/usr/bin/python3" a1="/usr/lib/ubuntu-advantage/apt_news.py"
type=CWD msg=audit(1779748078.408:506): cwd="/"
type=PATH msg=audit(1779748078.408:506): item=0 name="/usr/bin/python3" inode=1179746 dev=08:02 mode=0100755 ouid=0 ogid=0 rdev=00:00 nametype=NORMAL cap_fp=0 cap_fi=0 cap_fe=0 cap_fver=0 cap_frootid=0OUID="root" OGID="root"
type=PATH msg=audit(1779748078.408:506): item=1 name="/lib64/ld-linux-x86-64.so.2" inode=1189749 dev=08:02 mode=0100755 ouid=0 ogid=0 rdev=00:00 nametype=NORMAL cap_fp=0 cap_fi=0 cap_fe=0 cap_fver=0 cap_frootid=0OUID="root" OGID="root"
type=PROCTITLE msg=audit(1779748078.408:506): proctitle=2F7573722F62696E2F707974686F6E33002F7573722F6C69622F7562756E74752D616476616E746167652F6170745F6E6577732E7079
type=SYSCALL msg=audit(1779748078.412:507): arch=c000003e syscall=59 success=yes exit=0 a0=5570818bb120 a1=55708197f220 a2=5570819286e0 a3=7ffda7c25070 items=2 ppid=1 pid=1392 auid=4294967295 uid=0 gid=0 euid=0 suid=0 fsuid=0 egid=0 sgid=0 fsgid=0 tty=(none) ses=4294967295 comm="python3" exe="/usr/bin/python3.10" subj=ubuntu_pro_esm_cache key="root_commands"ARCH=x86_64 SYSCALL=execve AUID="unset" UID="root" GID="root" EUID="root" SUID="root" FSUID="root" EGID="root" SGID="root" FSGID="root"
type=BPRM_FCAPS msg=audit(1779748078.412:507): fver=0 fp=0 fi=0 fe=0 old_pp=000001ffffffffff old_pi=0 old_pe=000001ffffffffff old_pa=0 pp=000001ffffd7cbff pi=0 pe=000001ffffd7cbff pa=0 frootid=0
type=EXECVE msg=audit(1779748078.412:507): argc=2 a0="/usr/bin/python3" a1="/usr/lib/ubuntu-advantage/esm_cache.py"
type=CWD msg=audit(1779748078.412:507): cwd="/"
type=PATH msg=audit(1779748078.412:507): item=0 name="/usr/bin/python3" inode=1179746 dev=08:02 mode=0100755 ouid=0 ogid=0 rdev=00:00 nametype=NORMAL cap_fp=0 cap_fi=0 cap_fe=0 cap_fver=0 cap_frootid=0OUID="root" OGID="root"
type=PATH msg=audit(1779748078.412:507): item=1 name="/lib64/ld-linux-x86-64.so.2" inode=1189749 dev=08:02 mode=0100755 ouid=0 ogid=0 rdev=00:00 nametype=NORMAL cap_fp=0 cap_fi=0 cap_fe=0 cap_fver=0 cap_frootid=0OUID="root" OGID="root"
type=PROCTITLE msg=audit(1779748078.412:507): proctitle=2F7573722F62696E2F707974686F6E33002F7573722F6C69622F7562756E74752D616476616E746167652F65736D5F63616368652E7079
type=SYSCALL msg=audit(1779748078.420:510): arch=c000003e syscall=59 success=yes exit=0 a0=55c491ce0070 a1=7ffd3109f100 a2=7ffd3109fca0 a3=7fbce80d1ac0 items=2 ppid=1383 pid=1393 auid=1000 uid=0 gid=0 euid=0 suid=0 fsuid=0 egid=0 sgid=0 fsgid=0 tty=pts1 ses=4 comm="http" exe="/usr/lib/apt/methods/http" subj=unconfined key="root_commands"ARCH=x86_64 SYSCALL=execve AUID="alumno" UID="root" GID="root" EUID="root" SUID="root" FSUID="root" EGID="root" SGID="root" FSGID="root"
type=EXECVE msg=audit(1779748078.420:510): argc=1 a0="/usr/lib/apt/methods/http"
type=CWD msg=audit(1779748078.420:510): cwd="/home/alumno"
type=PATH msg=audit(1779748078.420:510): item=0 name="/usr/lib/apt/methods/http" inode=1189181 dev=08:02 mode=0100755 ouid=0 ogid=0 rdev=00:00 nametype=NORMAL cap_fp=0 cap_fi=0 cap_fe=0 cap_fver=0 cap_frootid=0OUID="root" OGID="root"
type=PATH msg=audit(1779748078.420:510): item=1 name="/lib64/ld-linux-x86-64.so.2" inode=1189749 dev=08:02 mode=0100755 ouid=0 ogid=0 rdev=00:00 nametype=NORMAL cap_fp=0 cap_fi=0 cap_fe=0 cap_fver=0 cap_frootid=0OUID="root" OGID="root"
type=PROCTITLE msg=audit(1779748078.420:510): proctitle="/usr/lib/apt/methods/http"
type=SYSCALL msg=audit(1779748078.436:512): arch=c000003e syscall=59 success=yes exit=0 a0=55c491ce0070 a1=7ffd3109f100 a2=7ffd3109fca0 a3=7fbce80d1ac0 items=2 ppid=1383 pid=1394 auid=1000 uid=0 gid=0 euid=0 suid=0 fsuid=0 egid=0 sgid=0 fsgid=0 tty=pts1 ses=4 comm="http" exe="/usr/lib/apt/methods/http" subj=unconfined key="root_commands"ARCH=x86_64 SYSCALL=execve AUID="alumno" UID="root" GID="root" EUID="root" SUID="root" FSUID="root" EGID="root" SGID="root" FSGID="root"
type=EXECVE msg=audit(1779748078.436:512): argc=1 a0="/usr/lib/apt/methods/http"
type=CWD msg=audit(1779748078.436:512): cwd="/home/alumno"
type=PATH msg=audit(1779748078.436:512): item=0 name="/usr/lib/apt/methods/http" inode=1189181 dev=08:02 mode=0100755 ouid=0 ogid=0 rdev=00:00 nametype=NORMAL cap_fp=0 cap_fi=0 cap_fe=0 cap_fver=0 cap_frootid=0OUID="root" OGID="root"
type=PATH msg=audit(1779748078.436:512): item=1 name="/lib64/ld-linux-x86-64.so.2" inode=1189749 dev=08:02 mode=0100755 ouid=0 ogid=0 rdev=00:00 nametype=NORMAL cap_fp=0 cap_fi=0 cap_fe=0 cap_fver=0 cap_frootid=0OUID="root" OGID="root"
type=PROCTITLE msg=audit(1779748078.436:512): proctitle="/usr/lib/apt/methods/http"
type=SYSCALL msg=audit(1779748078.568:515): arch=c000003e syscall=59 success=yes exit=0 a0=7f734cc52c10 a1=7f734cc52c30 a2=7f734ccf2930 a3=8 items=2 ppid=1392 pid=1395 auid=4294967295 uid=0 gid=0 euid=0 suid=0 fsuid=0 egid=0 sgid=0 fsgid=0 tty=(none) ses=4294967295 comm="ubuntu-distro-i" exe="/usr/bin/ubuntu-distro-info" subj=ubuntu_pro_esm_cache//ubuntu_distro_info key="root_commands"ARCH=x86_64 SYSCALL=execve AUID="unset" UID="root" GID="root" EUID="root" SUID="root" FSUID="root" EGID="root" SGID="root" FSGID="root"
type=BPRM_FCAPS msg=audit(1779748078.568:515): fver=0 fp=0 fi=0 fe=0 old_pp=000001ffffd7cbff old_pi=0 old_pe=000001ffffd7cbff old_pa=0 pp=000001ffffd7cbff pi=0 pe=000001ffffd7cbff pa=0 frootid=0
type=EXECVE msg=audit(1779748078.568:515): argc=2 a0="/usr/bin/ubuntu-distro-info" a1="--supported-esm"
type=CWD msg=audit(1779748078.568:515): cwd="/"
type=PATH msg=audit(1779748078.568:515): item=0 name="/usr/bin/ubuntu-distro-info" inode=1180807 dev=08:02 mode=0100755 ouid=0 ogid=0 rdev=00:00 nametype=NORMAL cap_fp=0 cap_fi=0 cap_fe=0 cap_fver=0 cap_frootid=0OUID="root" OGID="root"
type=PATH msg=audit(1779748078.568:515): item=1 name="/lib64/ld-linux-x86-64.so.2" inode=1189749 dev=08:02 mode=0100755 ouid=0 ogid=0 rdev=00:00 nametype=NORMAL cap_fp=0 cap_fi=0 cap_fe=0 cap_fver=0 cap_frootid=0OUID="root" OGID="root"
type=PROCTITLE msg=audit(1779748078.568:515): proctitle=2F7573722F62696E2F7562756E74752D64697374726F2D696E666F002D2D737570706F727465642D65736D
type=SYSCALL msg=audit(1779748078.596:517): arch=c000003e syscall=59 success=yes exit=0 a0=55769190c490 a1=7fff79f293d0 a2=7fff79f2acc0 a3=7f5557431ac0 items=2 ppid=1391 pid=1396 auid=4294967295 uid=0 gid=0 euid=0 suid=0 fsuid=0 egid=0 sgid=0 fsgid=0 tty=(none) ses=4294967295 comm="https" exe="/usr/lib/apt/methods/http" subj=ubuntu_pro_apt_news key="root_commands"ARCH=x86_64 SYSCALL=execve AUID="unset" UID="root" GID="root" EUID="root" SUID="root" FSUID="root" EGID="root" SGID="root" FSGID="root"
type=BPRM_FCAPS msg=audit(1779748078.596:517): fver=0 fp=0 fi=0 fe=0 old_pp=000001ffffd7cbff old_pi=0 old_pe=000001ffffd7cbff old_pa=0 pp=000001ffffd7cbff pi=0 pe=000001ffffd7cbff pa=0 frootid=0
type=EXECVE msg=audit(1779748078.596:517): argc=1 a0="/usr/lib/apt/methods/https"
type=CWD msg=audit(1779748078.596:517): cwd="/"
type=PATH msg=audit(1779748078.596:517): item=0 name="/usr/lib/apt/methods/https" inode=1189181 dev=08:02 mode=0100755 ouid=0 ogid=0 rdev=00:00 nametype=NORMAL cap_fp=0 cap_fi=0 cap_fe=0 cap_fver=0 cap_frootid=0OUID="root" OGID="root"
type=PATH msg=audit(1779748078.596:517): item=1 name="/lib64/ld-linux-x86-64.so.2" inode=1189749 dev=08:02 mode=0100755 ouid=0 ogid=0 rdev=00:00 nametype=NORMAL cap_fp=0 cap_fi=0 cap_fe=0 cap_fver=0 cap_frootid=0OUID="root" OGID="root"
type=PROCTITLE msg=audit(1779748078.596:517): proctitle="/usr/lib/apt/methods/https"
type=SYSCALL msg=audit(1779748078.608:519): arch=c000003e syscall=59 success=yes exit=0 a0=5576918cb320 a1=7fff79f298e0 a2=7fff79f2acc0 a3=7f5557431ac0 items=2 ppid=1391 pid=1397 auid=4294967295 uid=0 gid=0 euid=0 suid=0 fsuid=0 egid=0 sgid=0 fsgid=0 tty=(none) ses=4294967295 comm="https" exe="/usr/lib/apt/methods/http" subj=ubuntu_pro_apt_news key="root_commands"ARCH=x86_64 SYSCALL=execve AUID="unset" UID="root" GID="root" EUID="root" SUID="root" FSUID="root" EGID="root" SGID="root" FSGID="root"
type=BPRM_FCAPS msg=audit(1779748078.608:519): fver=0 fp=0 fi=0 fe=0 old_pp=000001ffffd7cbff old_pi=0 old_pe=000001ffffd7cbff old_pa=0 pp=000001ffffd7cbff pi=0 pe=000001ffffd7cbff pa=0 frootid=0
type=EXECVE msg=audit(1779748078.608:519): argc=1 a0="/usr/lib/apt/methods/https"
type=CWD msg=audit(1779748078.608:519): cwd="/"
type=PATH msg=audit(1779748078.608:519): item=0 name="/usr/lib/apt/methods/https" inode=1189181 dev=08:02 mode=0100755 ouid=0 ogid=0 rdev=00:00 nametype=NORMAL cap_fp=0 cap_fi=0 cap_fe=0 cap_fver=0 cap_frootid=0OUID="root" OGID="root"
type=PATH msg=audit(1779748078.608:519): item=1 name="/lib64/ld-linux-x86-64.so.2" inode=1189749 dev=08:02 mode=0100755 ouid=0 ogid=0 rdev=00:00 nametype=NORMAL cap_fp=0 cap_fi=0 cap_fe=0 cap_fver=0 cap_frootid=0OUID="root" OGID="root"
type=PROCTITLE msg=audit(1779748078.608:519): proctitle="/usr/lib/apt/methods/https"
type=SYSCALL msg=audit(1779748078.632:521): arch=c000003e syscall=59 success=yes exit=0 a0=7f734cc53d50 a1=7f734cb29710 a2=7f734cb4df70 a3=8 items=2 ppid=1392 pid=1398 auid=4294967295 uid=0 gid=0 euid=0 suid=0 fsuid=0 egid=0 sgid=0 fsgid=0 tty=(none) ses=4294967295 comm="ubuntu-distro-i" exe="/usr/bin/ubuntu-distro-info" subj=ubuntu_pro_esm_cache//ubuntu_distro_info key="root_commands"ARCH=x86_64 SYSCALL=execve AUID="unset" UID="root" GID="root" EUID="root" SUID="root" FSUID="root" EGID="root" SGID="root" FSGID="root"
type=BPRM_FCAPS msg=audit(1779748078.632:521): fver=0 fp=0 fi=0 fe=0 old_pp=000001ffffd7cbff old_pi=0 old_pe=000001ffffd7cbff old_pa=0 pp=000001ffffd7cbff pi=0 pe=000001ffffd7cbff pa=0 frootid=0
type=EXECVE msg=audit(1779748078.632:521): argc=4 a0="/usr/bin/ubuntu-distro-info" a1="--series" a2="jammy" a3="-yeol"
type=CWD msg=audit(1779748078.632:521): cwd="/"
type=PATH msg=audit(1779748078.632:521): item=0 name="/usr/bin/ubuntu-distro-info" inode=1180807 dev=08:02 mode=0100755 ouid=0 ogid=0 rdev=00:00 nametype=NORMAL cap_fp=0 cap_fi=0 cap_fe=0 cap_fver=0 cap_frootid=0OUID="root" OGID="root"
type=PATH msg=audit(1779748078.632:521): item=1 name="/lib64/ld-linux-x86-64.so.2" inode=1189749 dev=08:02 mode=0100755 ouid=0 ogid=0 rdev=00:00 nametype=NORMAL cap_fp=0 cap_fi=0 cap_fe=0 cap_fver=0 cap_frootid=0OUID="root" OGID="root"
type=PROCTITLE msg=audit(1779748078.632:521): proctitle=2F7573722F62696E2F7562756E74752D64697374726F2D696E666F002D2D736572696573006A616D6D79002D79656F6C
type=SYSCALL msg=audit(1779748078.640:522): arch=c000003e syscall=59 success=yes exit=0 a0=55e66e90b540 a1=55e66e9b2940 a2=7fff0800a760 a3=7 items=2 ppid=1392 pid=1399 auid=4294967295 uid=0 gid=0 euid=0 suid=0 fsuid=0 egid=0 sgid=0 fsgid=0 tty=(none) ses=4294967295 comm="dpkg" exe="/usr/bin/dpkg" subj=ubuntu_pro_esm_cache//dpkg key="root_commands"ARCH=x86_64 SYSCALL=execve AUID="unset" UID="root" GID="root" EUID="root" SUID="root" FSUID="root" EGID="root" SGID="root" FSGID="root"
type=BPRM_FCAPS msg=audit(1779748078.640:522): fver=0 fp=0 fi=0 fe=0 old_pp=000001ffffd7cbff old_pi=0 old_pe=000001ffffd7cbff old_pa=0 pp=000001ffffd7cbff pi=0 pe=000001ffffd7cbff pa=0 frootid=0
type=EXECVE msg=audit(1779748078.640:522): argc=2 a0="/usr/bin/dpkg" a1="--print-foreign-architectures"
type=CWD msg=audit(1779748078.640:522): cwd="/"
type=PATH msg=audit(1779748078.640:522): item=0 name="/usr/bin/dpkg" inode=1180605 dev=08:02 mode=0100755 ouid=0 ogid=0 rdev=00:00 nametype=NORMAL cap_fp=0 cap_fi=0 cap_fe=0 cap_fver=0 cap_frootid=0OUID="root" OGID="root"
type=PATH msg=audit(1779748078.640:522): item=1 name="/lib64/ld-linux-x86-64.so.2" inode=1189749 dev=08:02 mode=0100755 ouid=0 ogid=0 rdev=00:00 nametype=NORMAL cap_fp=0 cap_fi=0 cap_fe=0 cap_fver=0 cap_frootid=0OUID="root" OGID="root"
type=PROCTITLE msg=audit(1779748078.640:522): proctitle=2F7573722F62696E2F64706B67002D2D7072696E742D666F726569676E2D61726368697465637475726573
type=SYSCALL msg=audit(1779748078.644:523): arch=c000003e syscall=59 success=yes exit=0 a0=55e66e9c98f0 a1=55e66e7da050 a2=7fff0800a760 a3=88 items=2 ppid=1392 pid=1400 auid=4294967295 uid=0 gid=0 euid=0 suid=0 fsuid=0 egid=0 sgid=0 fsgid=0 tty=(none) ses=4294967295 comm="dpkg" exe="/usr/bin/dpkg" subj=ubuntu_pro_esm_cache//dpkg key="root_commands"ARCH=x86_64 SYSCALL=execve AUID="unset" UID="root" GID="root" EUID="root" SUID="root" FSUID="root" EGID="root" SGID="root" FSGID="root"
type=BPRM_FCAPS msg=audit(1779748078.644:523): fver=0 fp=0 fi=0 fe=0 old_pp=000001ffffd7cbff old_pi=0 old_pe=000001ffffd7cbff old_pa=0 pp=000001ffffd7cbff pi=0 pe=000001ffffd7cbff pa=0 frootid=0
type=EXECVE msg=audit(1779748078.644:523): argc=2 a0="/usr/bin/dpkg" a1="--print-foreign-architectures"
type=CWD msg=audit(1779748078.644:523): cwd="/"
type=PATH msg=audit(1779748078.644:523): item=0 name="/usr/bin/dpkg" inode=1180605 dev=08:02 mode=0100755 ouid=0 ogid=0 rdev=00:00 nametype=NORMAL cap_fp=0 cap_fi=0 cap_fe=0 cap_fver=0 cap_frootid=0OUID="root" OGID="root"
type=PATH msg=audit(1779748078.644:523): item=1 name="/lib64/ld-linux-x86-64.so.2" inode=1189749 dev=08:02 mode=0100755 ouid=0 ogid=0 rdev=00:00 nametype=NORMAL cap_fp=0 cap_fi=0 cap_fe=0 cap_fver=0 cap_frootid=0OUID="root" OGID="root"
type=PROCTITLE msg=audit(1779748078.644:523): proctitle=2F7573722F62696E2F64706B67002D2D7072696E742D666F726569676E2D61726368697465637475726573
type=SYSCALL msg=audit(1779748078.668:526): arch=c000003e syscall=59 success=yes exit=0 a0=55e66ea76eb0 a1=7fff080090f0 a2=7fff0800a760 a3=7f734e74bac0 items=2 ppid=1392 pid=1401 auid=4294967295 uid=0 gid=0 euid=0 suid=0 fsuid=0 egid=0 sgid=0 fsgid=0 tty=(none) ses=4294967295 comm="https" exe="/usr/lib/apt/methods/http" subj=ubuntu_pro_esm_cache//apt_methods key="root_commands"ARCH=x86_64 SYSCALL=execve AUID="unset" UID="root" GID="root" EUID="root" SUID="root" FSUID="root" EGID="root" SGID="root" FSGID="root"
type=BPRM_FCAPS msg=audit(1779748078.668:526): fver=0 fp=0 fi=0 fe=0 old_pp=000001ffffd7cbff old_pi=0 old_pe=000001ffffd7cbff old_pa=0 pp=000001ffffd7cbff pi=0 pe=000001ffffd7cbff pa=0 frootid=0
type=EXECVE msg=audit(1779748078.668:526): argc=1 a0="/usr/lib/apt/methods/https"
type=CWD msg=audit(1779748078.668:526): cwd="/"
type=PATH msg=audit(1779748078.668:526): item=0 name="/usr/lib/apt/methods/https" inode=1189181 dev=08:02 mode=0100755 ouid=0 ogid=0 rdev=00:00 nametype=NORMAL cap_fp=0 cap_fi=0 cap_fe=0 cap_fver=0 cap_frootid=0OUID="root" OGID="root"
type=PATH msg=audit(1779748078.668:526): item=1 name="/lib64/ld-linux-x86-64.so.2" inode=1189749 dev=08:02 mode=0100755 ouid=0 ogid=0 rdev=00:00 nametype=NORMAL cap_fp=0 cap_fi=0 cap_fe=0 cap_fver=0 cap_frootid=0OUID="root" OGID="root"
type=PROCTITLE msg=audit(1779748078.668:526): proctitle="/usr/lib/apt/methods/https"
type=SYSCALL msg=audit(1779748078.676:528): arch=c000003e syscall=59 success=yes exit=0 a0=55e66ea76350 a1=7fff08009610 a2=7fff0800a760 a3=7f734e74bac0 items=2 ppid=1392 pid=1402 auid=4294967295 uid=0 gid=0 euid=0 suid=0 fsuid=0 egid=0 sgid=0 fsgid=0 tty=(none) ses=4294967295 comm="https" exe="/usr/lib/apt/methods/http" subj=ubuntu_pro_esm_cache//apt_methods key="root_commands"ARCH=x86_64 SYSCALL=execve AUID="unset" UID="root" GID="root" EUID="root" SUID="root" FSUID="root" EGID="root" SGID="root" FSGID="root"
type=BPRM_FCAPS msg=audit(1779748078.676:528): fver=0 fp=0 fi=0 fe=0 old_pp=000001ffffd7cbff old_pi=0 old_pe=000001ffffd7cbff old_pa=0 pp=000001ffffd7cbff pi=0 pe=000001ffffd7cbff pa=0 frootid=0
type=EXECVE msg=audit(1779748078.676:528): argc=1 a0="/usr/lib/apt/methods/https"
type=CWD msg=audit(1779748078.676:528): cwd="/"
type=PATH msg=audit(1779748078.676:528): item=0 name="/usr/lib/apt/methods/https" inode=1189181 dev=08:02 mode=0100755 ouid=0 ogid=0 rdev=00:00 nametype=NORMAL cap_fp=0 cap_fi=0 cap_fe=0 cap_fver=0 cap_frootid=0OUID="root" OGID="root"
type=PATH msg=audit(1779748078.676:528): item=1 name="/lib64/ld-linux-x86-64.so.2" inode=1189749 dev=08:02 mode=0100755 ouid=0 ogid=0 rdev=00:00 nametype=NORMAL cap_fp=0 cap_fi=0 cap_fe=0 cap_fver=0 cap_frootid=0OUID="root" OGID="root"
type=PROCTITLE msg=audit(1779748078.676:528): proctitle="/usr/lib/apt/methods/https"
type=SYSCALL msg=audit(1779748085.492:530): arch=c000003e syscall=59 success=yes exit=0 a0=55c491cde6c0 a1=55c491bd8600 a2=7ffd3109fca0 a3=88 items=2 ppid=1383 pid=1404 auid=1000 uid=0 gid=0 euid=0 suid=0 fsuid=0 egid=0 sgid=0 fsgid=0 tty=pts1 ses=4 comm="dpkg" exe="/usr/bin/dpkg" subj=unconfined key="root_commands"ARCH=x86_64 SYSCALL=execve AUID="alumno" UID="root" GID="root" EUID="root" SUID="root" FSUID="root" EGID="root" SGID="root" FSGID="root"
type=EXECVE msg=audit(1779748085.492:530): argc=2 a0="/usr/bin/dpkg" a1="--print-foreign-architectures"
type=CWD msg=audit(1779748085.492:530): cwd="/home/alumno"
type=PATH msg=audit(1779748085.492:530): item=0 name="/usr/bin/dpkg" inode=1180605 dev=08:02 mode=0100755 ouid=0 ogid=0 rdev=00:00 nametype=NORMAL cap_fp=0 cap_fi=0 cap_fe=0 cap_fver=0 cap_frootid=0OUID="root" OGID="root"
type=PATH msg=audit(1779748085.492:530): item=1 name="/lib64/ld-linux-x86-64.so.2" inode=1189749 dev=08:02 mode=0100755 ouid=0 ogid=0 rdev=00:00 nametype=NORMAL cap_fp=0 cap_fi=0 cap_fe=0 cap_fver=0 cap_frootid=0OUID="root" OGID="root"
type=PROCTITLE msg=audit(1779748085.492:530): proctitle=2F7573722F62696E2F64706B67002D2D7072696E742D666F726569676E2D61726368697465637475726573
type=SYSCALL msg=audit(1779748090.376:535): arch=c000003e syscall=59 success=yes exit=0 a0=55c491cde2c0 a1=55c491cdf450 a2=7ffd3109fca0 a3=88 items=2 ppid=1383 pid=1410 auid=1000 uid=0 gid=0 euid=0 suid=0 fsuid=0 egid=0 sgid=0 fsgid=0 tty=pts1 ses=4 comm="dpkg" exe="/usr/bin/dpkg" subj=unconfined key="root_commands"ARCH=x86_64 SYSCALL=execve AUID="alumno" UID="root" GID="root" EUID="root" SUID="root" FSUID="root" EGID="root" SGID="root" FSGID="root"
type=EXECVE msg=audit(1779748090.376:535): argc=2 a0="/usr/bin/dpkg" a1="--print-foreign-architectures"
type=CWD msg=audit(1779748090.376:535): cwd="/home/alumno"
type=PATH msg=audit(1779748090.376:535): item=0 name="/usr/bin/dpkg" inode=1180605 dev=08:02 mode=0100755 ouid=0 ogid=0 rdev=00:00 nametype=NORMAL cap_fp=0 cap_fi=0 cap_fe=0 cap_fver=0 cap_frootid=0OUID="root" OGID="root"
type=PATH msg=audit(1779748090.376:535): item=1 name="/lib64/ld-linux-x86-64.so.2" inode=1189749 dev=08:02 mode=0100755 ouid=0 ogid=0 rdev=00:00 nametype=NORMAL cap_fp=0 cap_fi=0 cap_fe=0 cap_fver=0 cap_frootid=0OUID="root" OGID="root"
type=PROCTITLE msg=audit(1779748090.376:535): proctitle=2F7573722F62696E2F64706B67002D2D7072696E742D666F726569676E2D61726368697465637475726573
type=SYSCALL msg=audit(1779748215.592:554): arch=c000003e syscall=59 success=yes exit=0 a0=5640f547b4f8 a1=5640f546d5c0 a2=5640f54801c0 a3=0 items=2 ppid=1415 pid=1416 auid=1000 uid=0 gid=0 euid=0 suid=0 fsuid=0 egid=0 sgid=0 fsgid=0 tty=pts1 ses=4 comm="systemctl" exe="/usr/bin/systemctl" subj=unconfined key="root_commands"ARCH=x86_64 SYSCALL=execve AUID="alumno" UID="root" GID="root" EUID="root" SUID="root" FSUID="root" EGID="root" SGID="root" FSGID="root"
type=EXECVE msg=audit(1779748215.592:554): argc=3 a0="systemctl" a1="status" a2="auditd"
type=CWD msg=audit(1779748215.592:554): cwd="/home/alumno"
type=PATH msg=audit(1779748215.592:554): item=0 name="/usr/bin/systemctl" inode=1180455 dev=08:02 mode=0100755 ouid=0 ogid=0 rdev=00:00 nametype=NORMAL cap_fp=0 cap_fi=0 cap_fe=0 cap_fver=0 cap_frootid=0OUID="root" OGID="root"
type=PATH msg=audit(1779748215.592:554): item=1 name="/lib64/ld-linux-x86-64.so.2" inode=1189749 dev=08:02 mode=0100755 ouid=0 ogid=0 rdev=00:00 nametype=NORMAL cap_fp=0 cap_fi=0 cap_fe=0 cap_fver=0 cap_frootid=0OUID="root" OGID="root"
type=PROCTITLE msg=audit(1779748215.592:554): proctitle=73797374656D63746C0073746174757300617564697464
type=SYSCALL msg=audit(1779748215.596:555): arch=c000003e syscall=59 success=no exit=-2 a0=7ffe561eee90 a1=7ffe561eef70 a2=55e94cb01430 a3=0 items=1 ppid=1416 pid=1417 auid=1000 uid=0 gid=0 euid=0 suid=0 fsuid=0 egid=0 sgid=0 fsgid=0 tty=pts1 ses=4 comm="(pager)" exe="/usr/bin/systemctl" subj=unconfined key="root_commands"ARCH=x86_64 SYSCALL=execve AUID="alumno" UID="root" GID="root" EUID="root" SUID="root" FSUID="root" EGID="root" SGID="root" FSGID="root"
type=CWD msg=audit(1779748215.596:555): cwd="/home/alumno"
type=PATH msg=audit(1779748215.596:555): item=0 name="/usr/local/sbin/less" nametype=UNKNOWN cap_fp=0 cap_fi=0 cap_fe=0 cap_fver=0 cap_frootid=0
type=PROCTITLE msg=audit(1779748215.596:555): proctitle="(pager)"
type=SYSCALL msg=audit(1779748215.596:556): arch=c000003e syscall=59 success=no exit=-2 a0=7ffe561eee90 a1=7ffe561eef70 a2=55e94cb01430 a3=0 items=1 ppid=1416 pid=1417 auid=1000 uid=0 gid=0 euid=0 suid=0 fsuid=0 egid=0 sgid=0 fsgid=0 tty=pts1 ses=4 comm="(pager)" exe="/usr/bin/systemctl" subj=unconfined key="root_commands"ARCH=x86_64 SYSCALL=execve AUID="alumno" UID="root" GID="root" EUID="root" SUID="root" FSUID="root" EGID="root" SGID="root" FSGID="root"
type=CWD msg=audit(1779748215.596:556): cwd="/home/alumno"
type=PATH msg=audit(1779748215.596:556): item=0 name="/usr/local/bin/less" nametype=UNKNOWN cap_fp=0 cap_fi=0 cap_fe=0 cap_fver=0 cap_frootid=0
type=PROCTITLE msg=audit(1779748215.596:556): proctitle="(pager)"
type=SYSCALL msg=audit(1779748215.596:557): arch=c000003e syscall=59 success=no exit=-2 a0=7ffe561eee90 a1=7ffe561eef70 a2=55e94cb01430 a3=0 items=1 ppid=1416 pid=1417 auid=1000 uid=0 gid=0 euid=0 suid=0 fsuid=0 egid=0 sgid=0 fsgid=0 tty=pts1 ses=4 comm="(pager)" exe="/usr/bin/systemctl" subj=unconfined key="root_commands"ARCH=x86_64 SYSCALL=execve AUID="alumno" UID="root" GID="root" EUID="root" SUID="root" FSUID="root" EGID="root" SGID="root" FSGID="root"
type=CWD msg=audit(1779748215.596:557): cwd="/home/alumno"
type=PATH msg=audit(1779748215.596:557): item=0 name="/usr/sbin/less" nametype=UNKNOWN cap_fp=0 cap_fi=0 cap_fe=0 cap_fver=0 cap_frootid=0
type=PROCTITLE msg=audit(1779748215.596:557): proctitle="(pager)"
type=SYSCALL msg=audit(1779748215.596:558): arch=c000003e syscall=59 success=yes exit=0 a0=7ffe561eee90 a1=7ffe561eef70 a2=55e94cb01430 a3=0 items=2 ppid=1416 pid=1417 auid=1000 uid=0 gid=0 euid=0 suid=0 fsuid=0 egid=0 sgid=0 fsgid=0 tty=pts1 ses=4 comm="less" exe="/usr/bin/less" subj=unconfined key="root_commands"ARCH=x86_64 SYSCALL=execve AUID="alumno" UID="root" GID="root" EUID="root" SUID="root" FSUID="root" EGID="root" SGID="root" FSGID="root"
type=EXECVE msg=audit(1779748215.596:558): argc=1 a0="less"
type=CWD msg=audit(1779748215.596:558): cwd="/home/alumno"
type=PATH msg=audit(1779748215.596:558): item=0 name="/usr/bin/less" inode=1180400 dev=08:02 mode=0100755 ouid=0 ogid=0 rdev=00:00 nametype=NORMAL cap_fp=0 cap_fi=0 cap_fe=0 cap_fver=0 cap_frootid=0OUID="root" OGID="root"
type=PATH msg=audit(1779748215.596:558): item=1 name="/lib64/ld-linux-x86-64.so.2" inode=1189749 dev=08:02 mode=0100755 ouid=0 ogid=0 rdev=00:00 nametype=NORMAL cap_fp=0 cap_fi=0 cap_fe=0 cap_fver=0 cap_frootid=0OUID="root" OGID="root"
type=PROCTITLE msg=audit(1779748215.596:558): proctitle="(pager)"
type=SYSCALL msg=audit(1779748378.340:577): arch=c000003e syscall=59 success=yes exit=0 a0=5571388f44f8 a1=5571388e65c0 a2=5571388f9250 a3=0 items=2 ppid=1420 pid=1421 auid=1000 uid=0 gid=0 euid=0 suid=0 fsuid=0 egid=0 sgid=0 fsgid=0 tty=pts1 ses=4 comm="useradd" exe="/usr/sbin/useradd" subj=unconfined key="root_commands"ARCH=x86_64 SYSCALL=execve AUID="alumno" UID="root" GID="root" EUID="root" SUID="root" FSUID="root" EGID="root" SGID="root" FSGID="root"
type=EXECVE msg=audit(1779748378.340:577): argc=2 a0="useradd" a1="usuario_fantasma"
type=CWD msg=audit(1779748378.340:577): cwd="/home/alumno"
type=PATH msg=audit(1779748378.340:577): item=0 name="/usr/sbin/useradd" inode=1193955 dev=08:02 mode=0100755 ouid=0 ogid=0 rdev=00:00 nametype=NORMAL cap_fp=0 cap_fi=0 cap_fe=0 cap_fver=0 cap_frootid=0OUID="root" OGID="root"
type=PATH msg=audit(1779748378.340:577): item=1 name="/lib64/ld-linux-x86-64.so.2" inode=1189749 dev=08:02 mode=0100755 ouid=0 ogid=0 rdev=00:00 nametype=NORMAL cap_fp=0 cap_fi=0 cap_fe=0 cap_fver=0 cap_frootid=0OUID="root" OGID="root"
type=PROCTITLE msg=audit(1779748378.340:577): proctitle=75736572616464007573756172696F5F66616E7461736D61
type=SYSCALL msg=audit(1779748378.392:588): arch=c000003e syscall=59 success=no exit=-2 a0=561456712385 a1=7fff0e7037b0 a2=7fff0e7037a8 a3=7f876e3ca740 items=1 ppid=1421 pid=1422 auid=1000 uid=0 gid=0 euid=0 suid=0 fsuid=0 egid=0 sgid=0 fsgid=0 tty=pts1 ses=4 comm="useradd" exe="/usr/sbin/useradd" subj=unconfined key="root_commands"ARCH=x86_64 SYSCALL=execve AUID="alumno" UID="root" GID="root" EUID="root" SUID="root" FSUID="root" EGID="root" SGID="root" FSGID="root"
type=CWD msg=audit(1779748378.392:588): cwd="/home/alumno"
type=PATH msg=audit(1779748378.392:588): item=0 name="/usr/sbin/nscd" nametype=UNKNOWN cap_fp=0 cap_fi=0 cap_fe=0 cap_fver=0 cap_frootid=0
type=PROCTITLE msg=audit(1779748378.392:588): proctitle=75736572616464007573756172696F5F66616E7461736D61
type=SYSCALL msg=audit(1779748378.392:589): arch=c000003e syscall=59 success=no exit=-2 a0=561456712385 a1=7fff0e7037b0 a2=7fff0e7037a8 a3=7f876e3ca740 items=1 ppid=1421 pid=1423 auid=1000 uid=0 gid=0 euid=0 suid=0 fsuid=0 egid=0 sgid=0 fsgid=0 tty=pts1 ses=4 comm="useradd" exe="/usr/sbin/useradd" subj=unconfined key="root_commands"ARCH=x86_64 SYSCALL=execve AUID="alumno" UID="root" GID="root" EUID="root" SUID="root" FSUID="root" EGID="root" SGID="root" FSGID="root"
type=CWD msg=audit(1779748378.392:589): cwd="/home/alumno"
type=PATH msg=audit(1779748378.392:589): item=0 name="/usr/sbin/nscd" nametype=UNKNOWN cap_fp=0 cap_fi=0 cap_fe=0 cap_fver=0 cap_frootid=0
type=PROCTITLE msg=audit(1779748378.392:589): proctitle=75736572616464007573756172696F5F66616E7461736D61
type=SYSCALL msg=audit(1779748378.392:590): arch=c000003e syscall=59 success=no exit=-2 a0=56145671236e a1=7fff0e7037c0 a2=7fff0e7037b8 a3=7f876e3ca740 items=1 ppid=1421 pid=1424 auid=1000 uid=0 gid=0 euid=0 suid=0 fsuid=0 egid=0 sgid=0 fsgid=0 tty=pts1 ses=4 comm="useradd" exe="/usr/sbin/useradd" subj=unconfined key="root_commands"ARCH=x86_64 SYSCALL=execve AUID="alumno" UID="root" GID="root" EUID="root" SUID="root" FSUID="root" EGID="root" SGID="root" FSGID="root"
type=CWD msg=audit(1779748378.392:590): cwd="/home/alumno"
type=PATH msg=audit(1779748378.392:590): item=0 name="/usr/sbin/sss_cache" nametype=UNKNOWN cap_fp=0 cap_fi=0 cap_fe=0 cap_fver=0 cap_frootid=0
type=PROCTITLE msg=audit(1779748378.392:590): proctitle=75736572616464007573756172696F5F66616E7461736D61
type=SYSCALL msg=audit(1779748378.396:592): arch=c000003e syscall=59 success=no exit=-2 a0=561456712385 a1=7fff0e703c10 a2=7fff0e703c08 a3=7f876e3ca740 items=1 ppid=1421 pid=1425 auid=1000 uid=0 gid=0 euid=0 suid=0 fsuid=0 egid=0 sgid=0 fsgid=0 tty=pts1 ses=4 comm="useradd" exe="/usr/sbin/useradd" subj=unconfined key="root_commands"ARCH=x86_64 SYSCALL=execve AUID="alumno" UID="root" GID="root" EUID="root" SUID="root" FSUID="root" EGID="root" SGID="root" FSGID="root"
type=CWD msg=audit(1779748378.396:592): cwd="/home/alumno"
type=PATH msg=audit(1779748378.396:592): item=0 name="/usr/sbin/nscd" nametype=UNKNOWN cap_fp=0 cap_fi=0 cap_fe=0 cap_fver=0 cap_frootid=0
type=PROCTITLE msg=audit(1779748378.396:592): proctitle=75736572616464007573756172696F5F66616E7461736D61
type=SYSCALL msg=audit(1779748378.396:593): arch=c000003e syscall=59 success=no exit=-2 a0=561456712385 a1=7fff0e703c10 a2=7fff0e703c08 a3=7f876e3ca740 items=1 ppid=1421 pid=1426 auid=1000 uid=0 gid=0 euid=0 suid=0 fsuid=0 egid=0 sgid=0 fsgid=0 tty=pts1 ses=4 comm="useradd" exe="/usr/sbin/useradd" subj=unconfined key="root_commands"ARCH=x86_64 SYSCALL=execve AUID="alumno" UID="root" GID="root" EUID="root" SUID="root" FSUID="root" EGID="root" SGID="root" FSGID="root"
type=CWD msg=audit(1779748378.396:593): cwd="/home/alumno"
type=PATH msg=audit(1779748378.396:593): item=0 name="/usr/sbin/nscd" nametype=UNKNOWN cap_fp=0 cap_fi=0 cap_fe=0 cap_fver=0 cap_frootid=0
type=PROCTITLE msg=audit(1779748378.396:593): proctitle=75736572616464007573756172696F5F66616E7461736D61
type=SYSCALL msg=audit(1779748378.400:594): arch=c000003e syscall=59 success=no exit=-2 a0=56145671236e a1=7fff0e703c20 a2=7fff0e703c18 a3=7f876e3ca740 items=1 ppid=1421 pid=1427 auid=1000 uid=0 gid=0 euid=0 suid=0 fsuid=0 egid=0 sgid=0 fsgid=0 tty=pts1 ses=4 comm="useradd" exe="/usr/sbin/useradd" subj=unconfined key="root_commands"ARCH=x86_64 SYSCALL=execve AUID="alumno" UID="root" GID="root" EUID="root" SUID="root" FSUID="root" EGID="root" SGID="root" FSGID="root"
type=CWD msg=audit(1779748378.400:594): cwd="/home/alumno"
type=PATH msg=audit(1779748378.400:594): item=0 name="/usr/sbin/sss_cache" nametype=UNKNOWN cap_fp=0 cap_fi=0 cap_fe=0 cap_fver=0 cap_frootid=0
type=PROCTITLE msg=audit(1779748378.400:594): proctitle=75736572616464007573756172696F5F66616E7461736D61
type=SYSCALL msg=audit(1779748594.356:613): arch=c000003e syscall=59 success=yes exit=0 a0=55b08c8814f8 a1=55b08c8735c0 a2=55b08c8861c0 a3=0 items=2 ppid=1433 pid=1434 auid=1000 uid=0 gid=0 euid=0 suid=0 fsuid=0 egid=0 sgid=0 fsgid=0 tty=pts1 ses=4 comm="ausearch" exe="/usr/sbin/ausearch" subj=unconfined key="root_commands"ARCH=x86_64 SYSCALL=execve AUID="alumno" UID="root" GID="root" EUID="root" SUID="root" FSUID="root" EGID="root" SGID="root" FSGID="root"
type=EXECVE msg=audit(1779748594.356:613): argc=4 a0="ausearch" a1="-k" a2="root_commands" a3="--raw"
type=CWD msg=audit(1779748594.356:613): cwd="/home/alumno"
type=PATH msg=audit(1779748594.356:613): item=0 name="/usr/sbin/ausearch" inode=1221555 dev=08:02 mode=0100755 ouid=0 ogid=0 rdev=00:00 nametype=NORMAL cap_fp=0 cap_fi=0 cap_fe=0 cap_fver=0 cap_frootid=0OUID="root" OGID="root"
type=PATH msg=audit(1779748594.356:613): item=1 name="/lib64/ld-linux-x86-64.so.2" inode=1189749 dev=08:02 mode=0100755 ouid=0 ogid=0 rdev=00:00 nametype=NORMAL cap_fp=0 cap_fi=0 cap_fe=0 cap_fver=0 cap_frootid=0OUID="root" OGID="root"
type=PROCTITLE msg=audit(1779748594.356:613): proctitle=6175736561726368002D6B00726F6F745F636F6D6D616E6473002D2D726177
