type=SYSCALL msg=audit(1779892548.360:698): arch=c000003e syscall=59 success=yes exit=0 a0=c000868a20 a1=c000b7ecd8 a2=c00083ee40 a3=8 items=2 ppid=654 pid=984 auid=4294967295 uid=0 gid=0 euid=0 suid=0 fsuid=0 egid=0 sgid=0 fsgid=0 tty=(none) ses=4294967295 comm="xdelta3" exe="/snap/snapd/21759/usr/bin/xdelta3" subj=unconfined key="root_commands"ARCH=x86_64 SYSCALL=execve AUID="unset" UID="root" GID="root" EUID="root" SUID="root" FSUID="root" EGID="root" SGID="root" FSGID="root"
type=EXECVE msg=audit(1779892548.360:698): argc=2 a0="/snap/snapd/current/usr/bin/xdelta3" a1="config"
type=CWD msg=audit(1779892548.360:698): cwd="/"
type=PATH msg=audit(1779892548.360:698): item=0 name="/snap/snapd/current/usr/bin/xdelta3" inode=106 dev=07:02 mode=0100755 ouid=0 ogid=0 rdev=00:00 nametype=NORMAL cap_fp=0 cap_fi=0 cap_fe=0 cap_fver=0 cap_frootid=0OUID="root" OGID="root"
type=PATH msg=audit(1779892548.360:698): item=1 name="/lib64/ld-linux-x86-64.so.2" inode=1189749 dev=08:02 mode=0100755 ouid=0 ogid=0 rdev=00:00 nametype=NORMAL cap_fp=0 cap_fi=0 cap_fe=0 cap_fver=0 cap_frootid=0OUID="root" OGID="root"
type=PROCTITLE msg=audit(1779892548.360:698): proctitle=2F736E61702F736E6170642F63757272656E742F7573722F62696E2F7864656C74613300636F6E666967
type=SYSCALL msg=audit(1779892626.852:699): arch=c000003e syscall=257 success=yes exit=3 a0=ffffff9c a1=7fe26eed02ac a2=80000 a3=0 items=1 ppid=959 pid=999 auid=1000 uid=1000 gid=1000 euid=1000 suid=1000 fsuid=1000 egid=1000 sgid=1000 fsgid=1000 tty=pts0 ses=1 comm="nano" exe="/usr/bin/nano" subj=unconfined key="passwd_changes"ARCH=x86_64 SYSCALL=openat AUID="alumno" UID="alumno" GID="alumno" EUID="alumno" SUID="alumno" FSUID="alumno" EGID="alumno" SGID="alumno" FSGID="alumno"
type=CWD msg=audit(1779892626.852:699): cwd="/home/alumno/dataset"
type=PATH msg=audit(1779892626.852:699): item=0 name="/etc/passwd" inode=1050445 dev=08:02 mode=0100644 ouid=0 ogid=0 rdev=00:00 nametype=NORMAL cap_fp=0 cap_fi=0 cap_fe=0 cap_fver=0 cap_frootid=0OUID="root" OGID="root"
type=PROCTITLE msg=audit(1779892626.852:699): proctitle=6E616E6F00657363656E6172696F315F7261772E6C6F67
type=SYSCALL msg=audit(1779892646.164:700): arch=c000003e syscall=257 success=yes exit=3 a0=ffffff9c a1=7ff2f8f212ac a2=80000 a3=0 items=1 ppid=959 pid=1004 auid=1000 uid=1000 gid=1000 euid=1000 suid=1000 fsuid=1000 egid=1000 sgid=1000 fsgid=1000 tty=pts0 ses=1 comm="nano" exe="/usr/bin/nano" subj=unconfined key="passwd_changes"ARCH=x86_64 SYSCALL=openat AUID="alumno" UID="alumno" GID="alumno" EUID="alumno" SUID="alumno" FSUID="alumno" EGID="alumno" SGID="alumno" FSGID="alumno"
type=CWD msg=audit(1779892646.164:700): cwd="/home/alumno/dataset"
type=PATH msg=audit(1779892646.164:700): item=0 name="/etc/passwd" inode=1050445 dev=08:02 mode=0100644 ouid=0 ogid=0 rdev=00:00 nametype=NORMAL cap_fp=0 cap_fi=0 cap_fe=0 cap_fver=0 cap_frootid=0OUID="root" OGID="root"
type=PROCTITLE msg=audit(1779892646.164:700): proctitle=6E616E6F00657363656E6172696F325F7261772E6C6F67
type=SYSCALL msg=audit(1779892701.724:701): arch=c000003e syscall=257 success=yes exit=3 a0=ffffff9c a1=7f7a6e5e62ac a2=80000 a3=0 items=1 ppid=959 pid=1008 auid=1000 uid=1000 gid=1000 euid=1000 suid=1000 fsuid=1000 egid=1000 sgid=1000 fsgid=1000 tty=pts0 ses=1 comm="nano" exe="/usr/bin/nano" subj=unconfined key="passwd_changes"ARCH=x86_64 SYSCALL=openat AUID="alumno" UID="alumno" GID="alumno" EUID="alumno" SUID="alumno" FSUID="alumno" EGID="alumno" SGID="alumno" FSGID="alumno"
type=CWD msg=audit(1779892701.724:701): cwd="/home/alumno/dir_prueba"
type=PATH msg=audit(1779892701.724:701): item=0 name="/etc/passwd" inode=1050445 dev=08:02 mode=0100644 ouid=0 ogid=0 rdev=00:00 nametype=NORMAL cap_fp=0 cap_fi=0 cap_fe=0 cap_fver=0 cap_frootid=0OUID="root" OGID="root"
type=PROCTITLE msg=audit(1779892701.724:701): proctitle=6E616E6F007072756562612E747874
type=SYSCALL msg=audit(1779892704.184:702): arch=c000003e syscall=257 success=yes exit=3 a0=ffffff9c a1=7f7a6e5e62ac a2=80000 a3=0 items=1 ppid=959 pid=1008 auid=1000 uid=1000 gid=1000 euid=1000 suid=1000 fsuid=1000 egid=1000 sgid=1000 fsgid=1000 tty=pts0 ses=1 comm="nano" exe="/usr/bin/nano" subj=unconfined key="passwd_changes"ARCH=x86_64 SYSCALL=openat AUID="alumno" UID="alumno" GID="alumno" EUID="alumno" SUID="alumno" FSUID="alumno" EGID="alumno" SGID="alumno" FSGID="alumno"
type=CWD msg=audit(1779892704.184:702): cwd="/home/alumno/dir_prueba"
type=PATH msg=audit(1779892704.184:702): item=0 name="/etc/passwd" inode=1050445 dev=08:02 mode=0100644 ouid=0 ogid=0 rdev=00:00 nametype=NORMAL cap_fp=0 cap_fi=0 cap_fe=0 cap_fver=0 cap_frootid=0OUID="root" OGID="root"
type=PROCTITLE msg=audit(1779892704.184:702): proctitle=6E616E6F007072756562612E747874
type=SYSCALL msg=audit(1779892766.428:703): arch=c000003e syscall=257 success=yes exit=3 a0=ffffff9c a1=7f418e7712ac a2=80000 a3=0 items=1 ppid=959 pid=1015 auid=1000 uid=1000 gid=1000 euid=1000 suid=1000 fsuid=1000 egid=1000 sgid=1000 fsgid=1000 tty=pts0 ses=1 comm="nano" exe="/usr/bin/nano" subj=unconfined key="passwd_changes"ARCH=x86_64 SYSCALL=openat AUID="alumno" UID="alumno" GID="alumno" EUID="alumno" SUID="alumno" FSUID="alumno" EGID="alumno" SGID="alumno" FSGID="alumno"
type=CWD msg=audit(1779892766.428:703): cwd="/home/alumno/dataset"
type=PATH msg=audit(1779892766.428:703): item=0 name="/etc/passwd" inode=1050445 dev=08:02 mode=0100644 ouid=0 ogid=0 rdev=00:00 nametype=NORMAL cap_fp=0 cap_fi=0 cap_fe=0 cap_fver=0 cap_frootid=0OUID="root" OGID="root"
type=PROCTITLE msg=audit(1779892766.428:703): proctitle=6E616E6F00657363656E6172696F355F7261772E6C6F67
type=SYSCALL msg=audit(1779892845.052:704): arch=c000003e syscall=59 success=yes exit=0 a0=55b5b833a620 a1=55b5b82d2810 a2=55b5b82d1b10 a3=7fff6f2f4860 items=2 ppid=1 pid=1016 auid=4294967295 uid=0 gid=0 euid=0 suid=0 fsuid=0 egid=0 sgid=0 fsgid=0 tty=(none) ses=4294967295 comm="systemd-tmpfile" exe="/usr/bin/systemd-tmpfiles" subj=unconfined key="root_commands"ARCH=x86_64 SYSCALL=execve AUID="unset" UID="root" GID="root" EUID="root" SUID="root" FSUID="root" EGID="root" SGID="root" FSGID="root"
type=EXECVE msg=audit(1779892845.052:704): argc=2 a0="systemd-tmpfiles" a1="--clean"
type=CWD msg=audit(1779892845.052:704): cwd="/"
type=PATH msg=audit(1779892845.052:704): item=0 name="/usr/bin/systemd-tmpfiles" inode=1180501 dev=08:02 mode=0100755 ouid=0 ogid=0 rdev=00:00 nametype=NORMAL cap_fp=0 cap_fi=0 cap_fe=0 cap_fver=0 cap_frootid=0OUID="root" OGID="root"
type=PATH msg=audit(1779892845.052:704): item=1 name="/lib64/ld-linux-x86-64.so.2" inode=1189749 dev=08:02 mode=0100755 ouid=0 ogid=0 rdev=00:00 nametype=NORMAL cap_fp=0 cap_fi=0 cap_fe=0 cap_fver=0 cap_frootid=0OUID="root" OGID="root"
type=PROCTITLE msg=audit(1779892845.052:704): proctitle=73797374656D642D746D7066696C6573002D2D636C65616E
type=SYSCALL msg=audit(1779892845.056:705): arch=c000003e syscall=257 success=yes exit=5 a0=ffffff9c a1=7f1213afa2ac a2=80000 a3=0 items=1 ppid=1 pid=1016 auid=4294967295 uid=0 gid=0 euid=0 suid=0 fsuid=0 egid=0 sgid=0 fsgid=0 tty=(none) ses=4294967295 comm="systemd-tmpfile" exe="/usr/bin/systemd-tmpfiles" subj=unconfined key="passwd_changes"ARCH=x86_64 SYSCALL=openat AUID="unset" UID="root" GID="root" EUID="root" SUID="root" FSUID="root" EGID="root" SGID="root" FSGID="root"
type=CWD msg=audit(1779892845.056:705): cwd="/"
type=PATH msg=audit(1779892845.056:705): item=0 name="/etc/passwd" inode=1050445 dev=08:02 mode=0100644 ouid=0 ogid=0 rdev=00:00 nametype=NORMAL cap_fp=0 cap_fi=0 cap_fe=0 cap_fver=0 cap_frootid=0OUID="root" OGID="root"
type=PROCTITLE msg=audit(1779892845.056:705): proctitle=73797374656D642D746D7066696C6573002D2D636C65616E
type=SYSCALL msg=audit(1779892845.064:706): arch=c000003e syscall=257 success=yes exit=5 a0=ffffff9c a1=7f1213afa2ac a2=80000 a3=0 items=1 ppid=1 pid=1016 auid=4294967295 uid=0 gid=0 euid=0 suid=0 fsuid=0 egid=0 sgid=0 fsgid=0 tty=(none) ses=4294967295 comm="systemd-tmpfile" exe="/usr/bin/systemd-tmpfiles" subj=unconfined key="passwd_changes"ARCH=x86_64 SYSCALL=openat AUID="unset" UID="root" GID="root" EUID="root" SUID="root" FSUID="root" EGID="root" SGID="root" FSGID="root"
type=CWD msg=audit(1779892845.064:706): cwd="/"
type=PATH msg=audit(1779892845.064:706): item=0 name="/etc/passwd" inode=1050445 dev=08:02 mode=0100644 ouid=0 ogid=0 rdev=00:00 nametype=NORMAL cap_fp=0 cap_fi=0 cap_fe=0 cap_fver=0 cap_frootid=0OUID="root" OGID="root"
type=PROCTITLE msg=audit(1779892845.064:706): proctitle=73797374656D642D746D7066696C6573002D2D636C65616E
type=SYSCALL msg=audit(1779892845.064:707): arch=c000003e syscall=257 success=yes exit=5 a0=ffffff9c a1=7f1213afa2ac a2=80000 a3=0 items=1 ppid=1 pid=1016 auid=4294967295 uid=0 gid=0 euid=0 suid=0 fsuid=0 egid=0 sgid=0 fsgid=0 tty=(none) ses=4294967295 comm="systemd-tmpfile" exe="/usr/bin/systemd-tmpfiles" subj=unconfined key="passwd_changes"ARCH=x86_64 SYSCALL=openat AUID="unset" UID="root" GID="root" EUID="root" SUID="root" FSUID="root" EGID="root" SGID="root" FSGID="root"
type=CWD msg=audit(1779892845.064:707): cwd="/"
type=PATH msg=audit(1779892845.064:707): item=0 name="/etc/passwd" inode=1050445 dev=08:02 mode=0100644 ouid=0 ogid=0 rdev=00:00 nametype=NORMAL cap_fp=0 cap_fi=0 cap_fe=0 cap_fver=0 cap_frootid=0OUID="root" OGID="root"
type=PROCTITLE msg=audit(1779892845.064:707): proctitle=73797374656D642D746D7066696C6573002D2D636C65616E
type=SYSCALL msg=audit(1779892845.064:708): arch=c000003e syscall=257 success=yes exit=5 a0=ffffff9c a1=7f1213afa2ac a2=80000 a3=0 items=1 ppid=1 pid=1016 auid=4294967295 uid=0 gid=0 euid=0 suid=0 fsuid=0 egid=0 sgid=0 fsgid=0 tty=(none) ses=4294967295 comm="systemd-tmpfile" exe="/usr/bin/systemd-tmpfiles" subj=unconfined key="passwd_changes"ARCH=x86_64 SYSCALL=openat AUID="unset" UID="root" GID="root" EUID="root" SUID="root" FSUID="root" EGID="root" SGID="root" FSGID="root"
type=CWD msg=audit(1779892845.064:708): cwd="/"
type=PATH msg=audit(1779892845.064:708): item=0 name="/etc/passwd" inode=1050445 dev=08:02 mode=0100644 ouid=0 ogid=0 rdev=00:00 nametype=NORMAL cap_fp=0 cap_fi=0 cap_fe=0 cap_fver=0 cap_frootid=0OUID="root" OGID="root"
type=PROCTITLE msg=audit(1779892845.064:708): proctitle=73797374656D642D746D7066696C6573002D2D636C65616E
type=SYSCALL msg=audit(1779892845.064:709): arch=c000003e syscall=257 success=yes exit=5 a0=ffffff9c a1=7f1213afa2ac a2=80000 a3=0 items=1 ppid=1 pid=1016 auid=4294967295 uid=0 gid=0 euid=0 suid=0 fsuid=0 egid=0 sgid=0 fsgid=0 tty=(none) ses=4294967295 comm="systemd-tmpfile" exe="/usr/bin/systemd-tmpfiles" subj=unconfined key="passwd_changes"ARCH=x86_64 SYSCALL=openat AUID="unset" UID="root" GID="root" EUID="root" SUID="root" FSUID="root" EGID="root" SGID="root" FSGID="root"
type=CWD msg=audit(1779892845.064:709): cwd="/"
type=PATH msg=audit(1779892845.064:709): item=0 name="/etc/passwd" inode=1050445 dev=08:02 mode=0100644 ouid=0 ogid=0 rdev=00:00 nametype=NORMAL cap_fp=0 cap_fi=0 cap_fe=0 cap_fver=0 cap_frootid=0OUID="root" OGID="root"
type=PROCTITLE msg=audit(1779892845.064:709): proctitle=73797374656D642D746D7066696C6573002D2D636C65616E
type=SYSCALL msg=audit(1779892845.064:710): arch=c000003e syscall=257 success=yes exit=5 a0=ffffff9c a1=7f1213afa2ac a2=80000 a3=0 items=1 ppid=1 pid=1016 auid=4294967295 uid=0 gid=0 euid=0 suid=0 fsuid=0 egid=0 sgid=0 fsgid=0 tty=(none) ses=4294967295 comm="systemd-tmpfile" exe="/usr/bin/systemd-tmpfiles" subj=unconfined key="passwd_changes"ARCH=x86_64 SYSCALL=openat AUID="unset" UID="root" GID="root" EUID="root" SUID="root" FSUID="root" EGID="root" SGID="root" FSGID="root"
type=CWD msg=audit(1779892845.064:710): cwd="/"
type=PATH msg=audit(1779892845.064:710): item=0 name="/etc/passwd" inode=1050445 dev=08:02 mode=0100644 ouid=0 ogid=0 rdev=00:00 nametype=NORMAL cap_fp=0 cap_fi=0 cap_fe=0 cap_fver=0 cap_frootid=0OUID="root" OGID="root"
type=PROCTITLE msg=audit(1779892845.064:710): proctitle=73797374656D642D746D7066696C6573002D2D636C65616E
type=SYSCALL msg=audit(1779892845.064:711): arch=c000003e syscall=257 success=yes exit=5 a0=ffffff9c a1=7f1213afa2ac a2=80000 a3=0 items=1 ppid=1 pid=1016 auid=4294967295 uid=0 gid=0 euid=0 suid=0 fsuid=0 egid=0 sgid=0 fsgid=0 tty=(none) ses=4294967295 comm="systemd-tmpfile" exe="/usr/bin/systemd-tmpfiles" subj=unconfined key="passwd_changes"ARCH=x86_64 SYSCALL=openat AUID="unset" UID="root" GID="root" EUID="root" SUID="root" FSUID="root" EGID="root" SGID="root" FSGID="root"
type=CWD msg=audit(1779892845.064:711): cwd="/"
type=PATH msg=audit(1779892845.064:711): item=0 name="/etc/passwd" inode=1050445 dev=08:02 mode=0100644 ouid=0 ogid=0 rdev=00:00 nametype=NORMAL cap_fp=0 cap_fi=0 cap_fe=0 cap_fver=0 cap_frootid=0OUID="root" OGID="root"
type=PROCTITLE msg=audit(1779892845.064:711): proctitle=73797374656D642D746D7066696C6573002D2D636C65616E
type=SYSCALL msg=audit(1779892845.064:712): arch=c000003e syscall=257 success=yes exit=5 a0=ffffff9c a1=7f1213afa2ac a2=80000 a3=0 items=1 ppid=1 pid=1016 auid=4294967295 uid=0 gid=0 euid=0 suid=0 fsuid=0 egid=0 sgid=0 fsgid=0 tty=(none) ses=4294967295 comm="systemd-tmpfile" exe="/usr/bin/systemd-tmpfiles" subj=unconfined key="passwd_changes"ARCH=x86_64 SYSCALL=openat AUID="unset" UID="root" GID="root" EUID="root" SUID="root" FSUID="root" EGID="root" SGID="root" FSGID="root"
type=CWD msg=audit(1779892845.064:712): cwd="/"
type=PATH msg=audit(1779892845.064:712): item=0 name="/etc/passwd" inode=1050445 dev=08:02 mode=0100644 ouid=0 ogid=0 rdev=00:00 nametype=NORMAL cap_fp=0 cap_fi=0 cap_fe=0 cap_fver=0 cap_frootid=0OUID="root" OGID="root"
type=PROCTITLE msg=audit(1779892845.064:712): proctitle=73797374656D642D746D7066696C6573002D2D636C65616E
type=SYSCALL msg=audit(1779892845.064:713): arch=c000003e syscall=257 success=yes exit=5 a0=ffffff9c a1=7f1213afa2ac a2=80000 a3=0 items=1 ppid=1 pid=1016 auid=4294967295 uid=0 gid=0 euid=0 suid=0 fsuid=0 egid=0 sgid=0 fsgid=0 tty=(none) ses=4294967295 comm="systemd-tmpfile" exe="/usr/bin/systemd-tmpfiles" subj=unconfined key="passwd_changes"ARCH=x86_64 SYSCALL=openat AUID="unset" UID="root" GID="root" EUID="root" SUID="root" FSUID="root" EGID="root" SGID="root" FSGID="root"
type=CWD msg=audit(1779892845.064:713): cwd="/"
type=PATH msg=audit(1779892845.064:713): item=0 name="/etc/passwd" inode=1050445 dev=08:02 mode=0100644 ouid=0 ogid=0 rdev=00:00 nametype=NORMAL cap_fp=0 cap_fi=0 cap_fe=0 cap_fver=0 cap_frootid=0OUID="root" OGID="root"
type=PROCTITLE msg=audit(1779892845.064:713): proctitle=73797374656D642D746D7066696C6573002D2D636C65616E
type=SYSCALL msg=audit(1779892845.064:714): arch=c000003e syscall=257 success=yes exit=5 a0=ffffff9c a1=7f1213afa2ac a2=80000 a3=0 items=1 ppid=1 pid=1016 auid=4294967295 uid=0 gid=0 euid=0 suid=0 fsuid=0 egid=0 sgid=0 fsgid=0 tty=(none) ses=4294967295 comm="systemd-tmpfile" exe="/usr/bin/systemd-tmpfiles" subj=unconfined key="passwd_changes"ARCH=x86_64 SYSCALL=openat AUID="unset" UID="root" GID="root" EUID="root" SUID="root" FSUID="root" EGID="root" SGID="root" FSGID="root"
type=CWD msg=audit(1779892845.064:714): cwd="/"
type=PATH msg=audit(1779892845.064:714): item=0 name="/etc/passwd" inode=1050445 dev=08:02 mode=0100644 ouid=0 ogid=0 rdev=00:00 nametype=NORMAL cap_fp=0 cap_fi=0 cap_fe=0 cap_fver=0 cap_frootid=0OUID="root" OGID="root"
type=PROCTITLE msg=audit(1779892845.064:714): proctitle=73797374656D642D746D7066696C6573002D2D636C65616E
type=SYSCALL msg=audit(1779892845.064:715): arch=c000003e syscall=257 success=yes exit=5 a0=ffffff9c a1=7f1213afa2ac a2=80000 a3=0 items=1 ppid=1 pid=1016 auid=4294967295 uid=0 gid=0 euid=0 suid=0 fsuid=0 egid=0 sgid=0 fsgid=0 tty=(none) ses=4294967295 comm="systemd-tmpfile" exe="/usr/bin/systemd-tmpfiles" subj=unconfined key="passwd_changes"ARCH=x86_64 SYSCALL=openat AUID="unset" UID="root" GID="root" EUID="root" SUID="root" FSUID="root" EGID="root" SGID="root" FSGID="root"
type=CWD msg=audit(1779892845.064:715): cwd="/"
type=PATH msg=audit(1779892845.064:715): item=0 name="/etc/passwd" inode=1050445 dev=08:02 mode=0100644 ouid=0 ogid=0 rdev=00:00 nametype=NORMAL cap_fp=0 cap_fi=0 cap_fe=0 cap_fver=0 cap_frootid=0OUID="root" OGID="root"
type=PROCTITLE msg=audit(1779892845.064:715): proctitle=73797374656D642D746D7066696C6573002D2D636C65616E
type=SERVICE_START msg=audit(1779892845.072:716): pid=1 uid=0 auid=4294967295 ses=4294967295 subj=unconfined msg='unit=systemd-tmpfiles-clean comm="systemd" exe="/usr/lib/systemd/systemd" hostname=? addr=? terminal=? res=success'UID="root" AUID="unset"
type=SERVICE_STOP msg=audit(1779892845.072:717): pid=1 uid=0 auid=4294967295 ses=4294967295 subj=unconfined msg='unit=systemd-tmpfiles-clean comm="systemd" exe="/usr/lib/systemd/systemd" hostname=? addr=? terminal=? res=success'UID="root" AUID="unset"
type=SYSCALL msg=audit(1779892867.236:718): arch=c000003e syscall=257 success=yes exit=3 a0=ffffff9c a1=7fcf85e1c2ac a2=80000 a3=0 items=1 ppid=959 pid=1023 auid=1000 uid=1000 gid=1000 euid=1000 suid=1000 fsuid=1000 egid=1000 sgid=1000 fsgid=1000 tty=pts0 ses=1 comm="nano" exe="/usr/bin/nano" subj=unconfined key="passwd_changes"ARCH=x86_64 SYSCALL=openat AUID="alumno" UID="alumno" GID="alumno" EUID="alumno" SUID="alumno" FSUID="alumno" EGID="alumno" SGID="alumno" FSGID="alumno"
type=CWD msg=audit(1779892867.236:718): cwd="/home/alumno/dir_prueba"
type=PATH msg=audit(1779892867.236:718): item=0 name="/etc/passwd" inode=1050445 dev=08:02 mode=0100644 ouid=0 ogid=0 rdev=00:00 nametype=NORMAL cap_fp=0 cap_fi=0 cap_fe=0 cap_fver=0 cap_frootid=0OUID="root" OGID="root"
type=PROCTITLE msg=audit(1779892867.236:718): proctitle=6E616E6F007072756562612E747874
type=SYSCALL msg=audit(1779892871.000:719): arch=c000003e syscall=257 success=yes exit=3 a0=ffffff9c a1=7fcf85e1c2ac a2=80000 a3=0 items=1 ppid=959 pid=1023 auid=1000 uid=1000 gid=1000 euid=1000 suid=1000 fsuid=1000 egid=1000 sgid=1000 fsgid=1000 tty=pts0 ses=1 comm="nano" exe="/usr/bin/nano" subj=unconfined key="passwd_changes"ARCH=x86_64 SYSCALL=openat AUID="alumno" UID="alumno" GID="alumno" EUID="alumno" SUID="alumno" FSUID="alumno" EGID="alumno" SGID="alumno" FSGID="alumno"
type=CWD msg=audit(1779892871.000:719): cwd="/home/alumno/dir_prueba"
type=PATH msg=audit(1779892871.000:719): item=0 name="/etc/passwd" inode=1050445 dev=08:02 mode=0100644 ouid=0 ogid=0 rdev=00:00 nametype=NORMAL cap_fp=0 cap_fi=0 cap_fe=0 cap_fver=0 cap_frootid=0OUID="root" OGID="root"
type=PROCTITLE msg=audit(1779892871.000:719): proctitle=6E616E6F007072756562612E747874
type=SYSCALL msg=audit(1779892892.452:720): arch=c000003e syscall=257 success=yes exit=3 a0=ffffff9c a1=7f68481062ac a2=80000 a3=0 items=1 ppid=959 pid=1024 auid=1000 uid=1000 gid=1000 euid=0 suid=0 fsuid=0 egid=1000 sgid=1000 fsgid=1000 tty=pts0 ses=1 comm="sudo" exe="/usr/bin/sudo" subj=unconfined key="passwd_changes"ARCH=x86_64 SYSCALL=openat AUID="alumno" UID="alumno" GID="alumno" EUID="root" SUID="root" FSUID="root" EGID="alumno" SGID="alumno" FSGID="alumno"
type=CWD msg=audit(1779892892.452:720): cwd="/home/alumno"
type=PATH msg=audit(1779892892.452:720): item=0 name="/etc/passwd" inode=1050445 dev=08:02 mode=0100644 ouid=0 ogid=0 rdev=00:00 nametype=NORMAL cap_fp=0 cap_fi=0 cap_fe=0 cap_fver=0 cap_frootid=0OUID="root" OGID="root"
type=PROCTITLE msg=audit(1779892892.452:720): proctitle=7375646F0061707400757064617465
type=SYSCALL msg=audit(1779892892.456:721): arch=c000003e syscall=257 success=yes exit=5 a0=ffffff9c a1=7f68481062ac a2=80000 a3=0 items=1 ppid=959 pid=1024 auid=1000 uid=1000 gid=1000 euid=0 suid=0 fsuid=0 egid=1000 sgid=1000 fsgid=1000 tty=pts0 ses=1 comm="sudo" exe="/usr/bin/sudo" subj=unconfined key="passwd_changes"ARCH=x86_64 SYSCALL=openat AUID="alumno" UID="alumno" GID="alumno" EUID="root" SUID="root" FSUID="root" EGID="alumno" SGID="alumno" FSGID="alumno"
type=CWD msg=audit(1779892892.456:721): cwd="/home/alumno"
type=PATH msg=audit(1779892892.456:721): item=0 name="/etc/passwd" inode=1050445 dev=08:02 mode=0100644 ouid=0 ogid=0 rdev=00:00 nametype=NORMAL cap_fp=0 cap_fi=0 cap_fe=0 cap_fver=0 cap_frootid=0OUID="root" OGID="root"
type=PROCTITLE msg=audit(1779892892.456:721): proctitle=7375646F0061707400757064617465
type=SYSCALL msg=audit(1779892892.456:722): arch=c000003e syscall=257 success=yes exit=5 a0=ffffff9c a1=7f68481062ac a2=80000 a3=0 items=1 ppid=959 pid=1024 auid=1000 uid=1000 gid=1000 euid=0 suid=0 fsuid=0 egid=1000 sgid=1000 fsgid=1000 tty=pts0 ses=1 comm="sudo" exe="/usr/bin/sudo" subj=unconfined key="passwd_changes"ARCH=x86_64 SYSCALL=openat AUID="alumno" UID="alumno" GID="alumno" EUID="root" SUID="root" FSUID="root" EGID="alumno" SGID="alumno" FSGID="alumno"
type=CWD msg=audit(1779892892.456:722): cwd="/home/alumno"
type=PATH msg=audit(1779892892.456:722): item=0 name="/etc/passwd" inode=1050445 dev=08:02 mode=0100644 ouid=0 ogid=0 rdev=00:00 nametype=NORMAL cap_fp=0 cap_fi=0 cap_fe=0 cap_fver=0 cap_frootid=0OUID="root" OGID="root"
type=PROCTITLE msg=audit(1779892892.456:722): proctitle=7375646F0061707400757064617465
type=SYSCALL msg=audit(1779892892.456:723): arch=c000003e syscall=257 success=yes exit=5 a0=ffffff9c a1=7f6847b77f1e a2=0 a3=0 items=1 ppid=959 pid=1024 auid=1000 uid=0 gid=1000 euid=1 suid=0 fsuid=1 egid=0 sgid=1000 fsgid=0 tty=pts0 ses=1 comm="sudo" exe="/usr/bin/sudo" subj=unconfined key="sudoers_changes"ARCH=x86_64 SYSCALL=openat AUID="alumno" UID="root" GID="alumno" EUID="daemon" SUID="root" FSUID="daemon" EGID="root" SGID="alumno" FSGID="root"
type=CWD msg=audit(1779892892.456:723): cwd="/home/alumno"
type=PATH msg=audit(1779892892.456:723): item=0 name="/etc/sudoers" inode=1050110 dev=08:02 mode=0100440 ouid=0 ogid=0 rdev=00:00 nametype=NORMAL cap_fp=0 cap_fi=0 cap_fe=0 cap_fver=0 cap_frootid=0OUID="root" OGID="root"
type=PROCTITLE msg=audit(1779892892.456:723): proctitle=7375646F0061707400757064617465
type=SYSCALL msg=audit(1779892892.464:724): arch=c000003e syscall=257 success=yes exit=7 a0=ffffff9c a1=7f68481062ac a2=80000 a3=0 items=1 ppid=959 pid=1024 auid=1000 uid=1000 gid=1000 euid=0 suid=0 fsuid=0 egid=1000 sgid=1000 fsgid=1000 tty=pts0 ses=1 comm="sudo" exe="/usr/bin/sudo" subj=unconfined key="passwd_changes"ARCH=x86_64 SYSCALL=openat AUID="alumno" UID="alumno" GID="alumno" EUID="root" SUID="root" FSUID="root" EGID="alumno" SGID="alumno" FSGID="alumno"
type=CWD msg=audit(1779892892.464:724): cwd="/home/alumno"
type=PATH msg=audit(1779892892.464:724): item=0 name="/etc/passwd" inode=1050445 dev=08:02 mode=0100644 ouid=0 ogid=0 rdev=00:00 nametype=NORMAL cap_fp=0 cap_fi=0 cap_fe=0 cap_fver=0 cap_frootid=0OUID="root" OGID="root"
type=PROCTITLE msg=audit(1779892892.464:724): proctitle=7375646F0061707400757064617465
type=SYSCALL msg=audit(1779892892.464:725): arch=c000003e syscall=257 success=yes exit=7 a0=ffffff9c a1=7f68481062c4 a2=80000 a3=0 items=1 ppid=959 pid=1024 auid=1000 uid=1000 gid=1000 euid=0 suid=0 fsuid=0 egid=1000 sgid=1000 fsgid=1000 tty=pts0 ses=1 comm="sudo" exe="/usr/bin/sudo" subj=unconfined key="shadow_access"ARCH=x86_64 SYSCALL=openat AUID="alumno" UID="alumno" GID="alumno" EUID="root" SUID="root" FSUID="root" EGID="alumno" SGID="alumno" FSGID="alumno"
type=CWD msg=audit(1779892892.464:725): cwd="/home/alumno"
type=PATH msg=audit(1779892892.464:725): item=0 name="/etc/shadow" inode=1049984 dev=08:02 mode=0100640 ouid=0 ogid=42 rdev=00:00 nametype=NORMAL cap_fp=0 cap_fi=0 cap_fe=0 cap_fver=0 cap_frootid=0OUID="root" OGID="shadow"
type=PROCTITLE msg=audit(1779892892.464:725): proctitle=7375646F0061707400757064617465
type=SYSCALL msg=audit(1779892894.060:726): arch=c000003e syscall=257 success=yes exit=7 a0=ffffff9c a1=7f68481062ac a2=80000 a3=0 items=1 ppid=959 pid=1024 auid=1000 uid=1000 gid=1000 euid=0 suid=0 fsuid=0 egid=1000 sgid=1000 fsgid=1000 tty=pts0 ses=1 comm="sudo" exe="/usr/bin/sudo" subj=unconfined key="passwd_changes"ARCH=x86_64 SYSCALL=openat AUID="alumno" UID="alumno" GID="alumno" EUID="root" SUID="root" FSUID="root" EGID="alumno" SGID="alumno" FSGID="alumno"
type=CWD msg=audit(1779892894.060:726): cwd="/home/alumno"
type=PATH msg=audit(1779892894.060:726): item=0 name="/etc/passwd" inode=1050445 dev=08:02 mode=0100644 ouid=0 ogid=0 rdev=00:00 nametype=NORMAL cap_fp=0 cap_fi=0 cap_fe=0 cap_fver=0 cap_frootid=0OUID="root" OGID="root"
type=PROCTITLE msg=audit(1779892894.060:726): proctitle=7375646F0061707400757064617465
type=SYSCALL msg=audit(1779892894.060:727): arch=c000003e syscall=257 success=yes exit=7 a0=ffffff9c a1=7f68481062c4 a2=80000 a3=0 items=1 ppid=959 pid=1024 auid=1000 uid=1000 gid=1000 euid=0 suid=0 fsuid=0 egid=1000 sgid=1000 fsgid=1000 tty=pts0 ses=1 comm="sudo" exe="/usr/bin/sudo" subj=unconfined key="shadow_access"ARCH=x86_64 SYSCALL=openat AUID="alumno" UID="alumno" GID="alumno" EUID="root" SUID="root" FSUID="root" EGID="alumno" SGID="alumno" FSGID="alumno"
type=CWD msg=audit(1779892894.060:727): cwd="/home/alumno"
type=PATH msg=audit(1779892894.060:727): item=0 name="/etc/shadow" inode=1049984 dev=08:02 mode=0100640 ouid=0 ogid=42 rdev=00:00 nametype=NORMAL cap_fp=0 cap_fi=0 cap_fe=0 cap_fver=0 cap_frootid=0OUID="root" OGID="shadow"
type=PROCTITLE msg=audit(1779892894.060:727): proctitle=7375646F0061707400757064617465
type=SYSCALL msg=audit(1779892894.064:728): arch=c000003e syscall=257 success=yes exit=7 a0=ffffff9c a1=7f68481062ac a2=80000 a3=0 items=1 ppid=959 pid=1024 auid=1000 uid=1000 gid=1000 euid=0 suid=0 fsuid=0 egid=1000 sgid=1000 fsgid=1000 tty=pts0 ses=1 comm="sudo" exe="/usr/bin/sudo" subj=unconfined key="passwd_changes"ARCH=x86_64 SYSCALL=openat AUID="alumno" UID="alumno" GID="alumno" EUID="root" SUID="root" FSUID="root" EGID="alumno" SGID="alumno" FSGID="alumno"
type=CWD msg=audit(1779892894.064:728): cwd="/home/alumno"
type=PATH msg=audit(1779892894.064:728): item=0 name="/etc/passwd" inode=1050445 dev=08:02 mode=0100644 ouid=0 ogid=0 rdev=00:00 nametype=NORMAL cap_fp=0 cap_fi=0 cap_fe=0 cap_fver=0 cap_frootid=0OUID="root" OGID="root"
type=PROCTITLE msg=audit(1779892894.064:728): proctitle=7375646F0061707400757064617465
type=USER_AUTH msg=audit(1779892894.068:729): pid=1024 uid=1000 auid=1000 ses=1 subj=unconfined msg='op=PAM:authentication grantors=pam_permit,pam_cap acct="alumno" exe="/usr/bin/sudo" hostname=? addr=? terminal=/dev/pts/0 res=success'UID="alumno" AUID="alumno"
type=SYSCALL msg=audit(1779892894.068:730): arch=c000003e syscall=257 success=yes exit=7 a0=ffffff9c a1=7f68481062ac a2=80000 a3=0 items=1 ppid=959 pid=1024 auid=1000 uid=1000 gid=1000 euid=0 suid=0 fsuid=0 egid=1000 sgid=1000 fsgid=1000 tty=pts0 ses=1 comm="sudo" exe="/usr/bin/sudo" subj=unconfined key="passwd_changes"ARCH=x86_64 SYSCALL=openat AUID="alumno" UID="alumno" GID="alumno" EUID="root" SUID="root" FSUID="root" EGID="alumno" SGID="alumno" FSGID="alumno"
type=CWD msg=audit(1779892894.068:730): cwd="/home/alumno"
type=PATH msg=audit(1779892894.068:730): item=0 name="/etc/passwd" inode=1050445 dev=08:02 mode=0100644 ouid=0 ogid=0 rdev=00:00 nametype=NORMAL cap_fp=0 cap_fi=0 cap_fe=0 cap_fver=0 cap_frootid=0OUID="root" OGID="root"
type=PROCTITLE msg=audit(1779892894.068:730): proctitle=7375646F0061707400757064617465
type=SYSCALL msg=audit(1779892894.068:731): arch=c000003e syscall=257 success=yes exit=7 a0=ffffff9c a1=7f68481062c4 a2=80000 a3=0 items=1 ppid=959 pid=1024 auid=1000 uid=1000 gid=1000 euid=0 suid=0 fsuid=0 egid=1000 sgid=1000 fsgid=1000 tty=pts0 ses=1 comm="sudo" exe="/usr/bin/sudo" subj=unconfined key="shadow_access"ARCH=x86_64 SYSCALL=openat AUID="alumno" UID="alumno" GID="alumno" EUID="root" SUID="root" FSUID="root" EGID="alumno" SGID="alumno" FSGID="alumno"
type=CWD msg=audit(1779892894.068:731): cwd="/home/alumno"
type=PATH msg=audit(1779892894.068:731): item=0 name="/etc/shadow" inode=1049984 dev=08:02 mode=0100640 ouid=0 ogid=42 rdev=00:00 nametype=NORMAL cap_fp=0 cap_fi=0 cap_fe=0 cap_fver=0 cap_frootid=0OUID="root" OGID="shadow"
type=PROCTITLE msg=audit(1779892894.068:731): proctitle=7375646F0061707400757064617465
type=USER_ACCT msg=audit(1779892894.072:732): pid=1024 uid=1000 auid=1000 ses=1 subj=unconfined msg='op=PAM:accounting grantors=pam_permit acct="alumno" exe="/usr/bin/sudo" hostname=? addr=? terminal=/dev/pts/0 res=success'UID="alumno" AUID="alumno"
type=SYSCALL msg=audit(1779892894.072:733): arch=c000003e syscall=257 success=yes exit=6 a0=ffffff9c a1=7f68481062ac a2=80000 a3=0 items=1 ppid=959 pid=1024 auid=1000 uid=1000 gid=1000 euid=0 suid=0 fsuid=0 egid=1000 sgid=1000 fsgid=1000 tty=pts0 ses=1 comm="sudo" exe="/usr/bin/sudo" subj=unconfined key="passwd_changes"ARCH=x86_64 SYSCALL=openat AUID="alumno" UID="alumno" GID="alumno" EUID="root" SUID="root" FSUID="root" EGID="alumno" SGID="alumno" FSGID="alumno"
type=CWD msg=audit(1779892894.072:733): cwd="/home/alumno"
type=PATH msg=audit(1779892894.072:733): item=0 name="/etc/passwd" inode=1050445 dev=08:02 mode=0100644 ouid=0 ogid=0 rdev=00:00 nametype=NORMAL cap_fp=0 cap_fi=0 cap_fe=0 cap_fver=0 cap_frootid=0OUID="root" OGID="root"
type=PROCTITLE msg=audit(1779892894.072:733): proctitle=7375646F0061707400757064617465
type=USER_CMD msg=audit(1779892894.072:734): pid=1024 uid=1000 auid=1000 ses=1 subj=unconfined msg='cwd="/home/alumno" cmd=61707420757064617465 exe="/usr/bin/sudo" terminal=pts/0 res=success'UID="alumno" AUID="alumno"
type=SYSCALL msg=audit(1779892894.072:735): arch=c000003e syscall=257 success=yes exit=8 a0=ffffff9c a1=7f68481062ac a2=80000 a3=0 items=1 ppid=959 pid=1024 auid=1000 uid=1000 gid=1000 euid=0 suid=0 fsuid=0 egid=1000 sgid=1000 fsgid=1000 tty=pts0 ses=1 comm="sudo" exe="/usr/bin/sudo" subj=unconfined key="passwd_changes"ARCH=x86_64 SYSCALL=openat AUID="alumno" UID="alumno" GID="alumno" EUID="root" SUID="root" FSUID="root" EGID="alumno" SGID="alumno" FSGID="alumno"
type=CWD msg=audit(1779892894.072:735): cwd="/home/alumno"
type=PATH msg=audit(1779892894.072:735): item=0 name="/etc/passwd" inode=1050445 dev=08:02 mode=0100644 ouid=0 ogid=0 rdev=00:00 nametype=NORMAL cap_fp=0 cap_fi=0 cap_fe=0 cap_fver=0 cap_frootid=0OUID="root" OGID="root"
type=PROCTITLE msg=audit(1779892894.072:735): proctitle=7375646F0061707400757064617465
type=SYSCALL msg=audit(1779892894.072:736): arch=c000003e syscall=257 success=yes exit=13 a0=ffffff9c a1=7f68481062ac a2=80000 a3=0 items=1 ppid=959 pid=1024 auid=1000 uid=1000 gid=0 euid=0 suid=0 fsuid=0 egid=0 sgid=0 fsgid=0 tty=pts0 ses=1 comm="sudo" exe="/usr/bin/sudo" subj=unconfined key="passwd_changes"ARCH=x86_64 SYSCALL=openat AUID="alumno" UID="alumno" GID="root" EUID="root" SUID="root" FSUID="root" EGID="root" SGID="root" FSGID="root"
type=CWD msg=audit(1779892894.072:736): cwd="/home/alumno"
type=PATH msg=audit(1779892894.072:736): item=0 name="/etc/passwd" inode=1050445 dev=08:02 mode=0100644 ouid=0 ogid=0 rdev=00:00 nametype=NORMAL cap_fp=0 cap_fi=0 cap_fe=0 cap_fver=0 cap_frootid=0OUID="root" OGID="root"
type=PROCTITLE msg=audit(1779892894.072:736): proctitle=7375646F0061707400757064617465
type=CRED_REFR msg=audit(1779892894.072:737): pid=1024 uid=1000 auid=1000 ses=1 subj=unconfined msg='op=PAM:setcred grantors=pam_permit,pam_cap acct="root" exe="/usr/bin/sudo" hostname=? addr=? terminal=/dev/pts/0 res=success'UID="alumno" AUID="alumno"
type=SYSCALL msg=audit(1779892894.072:738): arch=c000003e syscall=257 success=yes exit=13 a0=ffffff9c a1=7f68481062ac a2=80000 a3=0 items=1 ppid=959 pid=1024 auid=1000 uid=1000 gid=0 euid=0 suid=0 fsuid=0 egid=0 sgid=0 fsgid=0 tty=pts0 ses=1 comm="sudo" exe="/usr/bin/sudo" subj=unconfined key="passwd_changes"ARCH=x86_64 SYSCALL=openat AUID="alumno" UID="alumno" GID="root" EUID="root" SUID="root" FSUID="root" EGID="root" SGID="root" FSGID="root"
type=CWD msg=audit(1779892894.072:738): cwd="/home/alumno"
type=PATH msg=audit(1779892894.072:738): item=0 name="/etc/passwd" inode=1050445 dev=08:02 mode=0100644 ouid=0 ogid=0 rdev=00:00 nametype=NORMAL cap_fp=0 cap_fi=0 cap_fe=0 cap_fver=0 cap_frootid=0OUID="root" OGID="root"
type=PROCTITLE msg=audit(1779892894.072:738): proctitle=7375646F0061707400757064617465
type=SYSCALL msg=audit(1779892894.076:739): arch=c000003e syscall=257 success=yes exit=13 a0=ffffff9c a1=7f68481062ac a2=80000 a3=0 items=1 ppid=959 pid=1024 auid=1000 uid=1000 gid=0 euid=0 suid=0 fsuid=0 egid=0 sgid=0 fsgid=0 tty=pts0 ses=1 comm="sudo" exe="/usr/bin/sudo" subj=unconfined key="passwd_changes"ARCH=x86_64 SYSCALL=openat AUID="alumno" UID="alumno" GID="root" EUID="root" SUID="root" FSUID="root" EGID="root" SGID="root" FSGID="root"
type=CWD msg=audit(1779892894.076:739): cwd="/home/alumno"
type=PATH msg=audit(1779892894.076:739): item=0 name="/etc/passwd" inode=1050445 dev=08:02 mode=0100644 ouid=0 ogid=0 rdev=00:00 nametype=NORMAL cap_fp=0 cap_fi=0 cap_fe=0 cap_fver=0 cap_frootid=0OUID="root" OGID="root"
type=PROCTITLE msg=audit(1779892894.076:739): proctitle=7375646F0061707400757064617465
type=SYSCALL msg=audit(1779892894.076:740): arch=c000003e syscall=257 success=yes exit=13 a0=ffffff9c a1=7f68481062ac a2=80000 a3=0 items=1 ppid=959 pid=1024 auid=1000 uid=1000 gid=0 euid=0 suid=0 fsuid=0 egid=0 sgid=0 fsgid=0 tty=pts0 ses=1 comm="sudo" exe="/usr/bin/sudo" subj=unconfined key="passwd_changes"ARCH=x86_64 SYSCALL=openat AUID="alumno" UID="alumno" GID="root" EUID="root" SUID="root" FSUID="root" EGID="root" SGID="root" FSGID="root"
type=CWD msg=audit(1779892894.076:740): cwd="/home/alumno"
type=PATH msg=audit(1779892894.076:740): item=0 name="/etc/passwd" inode=1050445 dev=08:02 mode=0100644 ouid=0 ogid=0 rdev=00:00 nametype=NORMAL cap_fp=0 cap_fi=0 cap_fe=0 cap_fver=0 cap_frootid=0OUID="root" OGID="root"
type=PROCTITLE msg=audit(1779892894.076:740): proctitle=7375646F0061707400757064617465
type=USER_START msg=audit(1779892894.076:741): pid=1024 uid=1000 auid=1000 ses=1 subj=unconfined msg='op=PAM:session_open grantors=pam_limits,pam_env,pam_env,pam_permit,pam_umask,pam_unix acct="root" exe="/usr/bin/sudo" hostname=? addr=? terminal=/dev/pts/0 res=success'UID="alumno" AUID="alumno"
type=SYSCALL msg=audit(1779892894.080:742): arch=c000003e syscall=59 success=yes exit=0 a0=556a12195d28 a1=556a1213a5c0 a2=556a1218f4a0 a3=0 items=2 ppid=1025 pid=1026 auid=1000 uid=0 gid=0 euid=0 suid=0 fsuid=0 egid=0 sgid=0 fsgid=0 tty=pts1 ses=1 comm="apt" exe="/usr/bin/apt" subj=unconfined key="root_commands"ARCH=x86_64 SYSCALL=execve AUID="alumno" UID="root" GID="root" EUID="root" SUID="root" FSUID="root" EGID="root" SGID="root" FSGID="root"
type=EXECVE msg=audit(1779892894.080:742): argc=2 a0="apt" a1="update"
type=CWD msg=audit(1779892894.080:742): cwd="/home/alumno"
type=PATH msg=audit(1779892894.080:742): item=0 name="/usr/bin/apt" inode=1189163 dev=08:02 mode=0100755 ouid=0 ogid=0 rdev=00:00 nametype=NORMAL cap_fp=0 cap_fi=0 cap_fe=0 cap_fver=0 cap_frootid=0OUID="root" OGID="root"
type=PATH msg=audit(1779892894.080:742): item=1 name="/lib64/ld-linux-x86-64.so.2" inode=1189749 dev=08:02 mode=0100755 ouid=0 ogid=0 rdev=00:00 nametype=NORMAL cap_fp=0 cap_fi=0 cap_fe=0 cap_fver=0 cap_frootid=0OUID="root" OGID="root"
type=PROCTITLE msg=audit(1779892894.080:742): proctitle=61707400757064617465
type=SYSCALL msg=audit(1779892894.088:743): arch=c000003e syscall=59 success=yes exit=0 a0=560cf4021910 a1=560cf4034930 a2=7fff55c2f0d0 a3=560cf4021db0 items=2 ppid=1026 pid=1027 auid=1000 uid=0 gid=0 euid=0 suid=0 fsuid=0 egid=0 sgid=0 fsgid=0 tty=pts1 ses=1 comm="dpkg" exe="/usr/bin/dpkg" subj=unconfined key="root_commands"ARCH=x86_64 SYSCALL=execve AUID="alumno" UID="root" GID="root" EUID="root" SUID="root" FSUID="root" EGID="root" SGID="root" FSGID="root"
type=EXECVE msg=audit(1779892894.088:743): argc=2 a0="/usr/bin/dpkg" a1="--print-foreign-architectures"
type=CWD msg=audit(1779892894.088:743): cwd="/home/alumno"
type=PATH msg=audit(1779892894.088:743): item=0 name="/usr/bin/dpkg" inode=1180605 dev=08:02 mode=0100755 ouid=0 ogid=0 rdev=00:00 nametype=NORMAL cap_fp=0 cap_fi=0 cap_fe=0 cap_fver=0 cap_frootid=0OUID="root" OGID="root"
type=PATH msg=audit(1779892894.088:743): item=1 name="/lib64/ld-linux-x86-64.so.2" inode=1189749 dev=08:02 mode=0100755 ouid=0 ogid=0 rdev=00:00 nametype=NORMAL cap_fp=0 cap_fi=0 cap_fe=0 cap_fver=0 cap_frootid=0OUID="root" OGID="root"
type=PROCTITLE msg=audit(1779892894.088:743): proctitle=2F7573722F62696E2F64706B67002D2D7072696E742D666F726569676E2D61726368697465637475726573
type=SYSCALL msg=audit(1779892894.132:744): arch=c000003e syscall=257 success=yes exit=4 a0=ffffff9c a1=7f8c649192ac a2=80000 a3=0 items=1 ppid=1025 pid=1026 auid=1000 uid=0 gid=0 euid=0 suid=0 fsuid=0 egid=0 sgid=0 fsgid=0 tty=pts1 ses=1 comm="apt" exe="/usr/bin/apt" subj=unconfined key="passwd_changes"ARCH=x86_64 SYSCALL=openat AUID="alumno" UID="root" GID="root" EUID="root" SUID="root" FSUID="root" EGID="root" SGID="root" FSGID="root"
type=CWD msg=audit(1779892894.132:744): cwd="/home/alumno"
type=PATH msg=audit(1779892894.132:744): item=0 name="/etc/passwd" inode=1050445 dev=08:02 mode=0100644 ouid=0 ogid=0 rdev=00:00 nametype=NORMAL cap_fp=0 cap_fi=0 cap_fe=0 cap_fver=0 cap_frootid=0OUID="root" OGID="root"
type=PROCTITLE msg=audit(1779892894.132:744): proctitle=61707400757064617465
type=SYSCALL msg=audit(1779892894.132:745): arch=c000003e syscall=257 success=yes exit=4 a0=ffffff9c a1=7f8c649192ac a2=80000 a3=0 items=1 ppid=1025 pid=1026 auid=1000 uid=0 gid=0 euid=0 suid=0 fsuid=0 egid=0 sgid=0 fsgid=0 tty=pts1 ses=1 comm="apt" exe="/usr/bin/apt" subj=unconfined key="passwd_changes"ARCH=x86_64 SYSCALL=openat AUID="alumno" UID="root" GID="root" EUID="root" SUID="root" FSUID="root" EGID="root" SGID="root" FSGID="root"
type=CWD msg=audit(1779892894.132:745): cwd="/home/alumno"
type=PATH msg=audit(1779892894.132:745): item=0 name="/etc/passwd" inode=1050445 dev=08:02 mode=0100644 ouid=0 ogid=0 rdev=00:00 nametype=NORMAL cap_fp=0 cap_fi=0 cap_fe=0 cap_fver=0 cap_frootid=0OUID="root" OGID="root"
type=PROCTITLE msg=audit(1779892894.132:745): proctitle=61707400757064617465
type=SYSCALL msg=audit(1779892894.136:746): arch=c000003e syscall=59 success=yes exit=0 a0=560cf4024df0 a1=7fff55c2dfe0 a2=7fff55c2f0d0 a3=7f8c648fbac0 items=2 ppid=1026 pid=1028 auid=1000 uid=0 gid=0 euid=0 suid=0 fsuid=0 egid=0 sgid=0 fsgid=0 tty=pts1 ses=1 comm="http" exe="/usr/lib/apt/methods/http" subj=unconfined key="root_commands"ARCH=x86_64 SYSCALL=execve AUID="alumno" UID="root" GID="root" EUID="root" SUID="root" FSUID="root" EGID="root" SGID="root" FSGID="root"
type=EXECVE msg=audit(1779892894.136:746): argc=1 a0="/usr/lib/apt/methods/http"
type=CWD msg=audit(1779892894.136:746): cwd="/home/alumno"
type=PATH msg=audit(1779892894.136:746): item=0 name="/usr/lib/apt/methods/http" inode=1189181 dev=08:02 mode=0100755 ouid=0 ogid=0 rdev=00:00 nametype=NORMAL cap_fp=0 cap_fi=0 cap_fe=0 cap_fver=0 cap_frootid=0OUID="root" OGID="root"
type=PATH msg=audit(1779892894.136:746): item=1 name="/lib64/ld-linux-x86-64.so.2" inode=1189749 dev=08:02 mode=0100755 ouid=0 ogid=0 rdev=00:00 nametype=NORMAL cap_fp=0 cap_fi=0 cap_fe=0 cap_fver=0 cap_frootid=0OUID="root" OGID="root"
type=PROCTITLE msg=audit(1779892894.136:746): proctitle="/usr/lib/apt/methods/http"
type=SYSCALL msg=audit(1779892894.144:747): arch=c000003e syscall=59 success=yes exit=0 a0=7f8c64915678 a1=7fff55c2e4b0 a2=7fff55c2f0d0 a3=8 items=2 ppid=1029 pid=1030 auid=1000 uid=0 gid=0 euid=0 suid=0 fsuid=0 egid=0 sgid=0 fsgid=0 tty=pts1 ses=1 comm="sh" exe="/usr/bin/dash" subj=unconfined key="root_commands"ARCH=x86_64 SYSCALL=execve AUID="alumno" UID="root" GID="root" EUID="root" SUID="root" FSUID="root" EGID="root" SGID="root" FSGID="root"
type=EXECVE msg=audit(1779892894.144:747): argc=3 a0="sh" a1="-c" a2=5B2021202D65202F72756E2F73797374656D642F73797374656D205D207C7C205B2024286964202D7529202D6E652030205D207C7C2073797374656D63746C207374617274202D2D6E6F2D626C6F636B206170742D6E6577732E736572766963652065736D2D63616368652E73657276696365203E2F6465762F6E756C6C20323E2631207C7C2074727565
type=CWD msg=audit(1779892894.144:747): cwd="/tmp"
type=PATH msg=audit(1779892894.144:747): item=0 name="/bin/sh" inode=1180235 dev=08:02 mode=0100755 ouid=0 ogid=0 rdev=00:00 nametype=NORMAL cap_fp=0 cap_fi=0 cap_fe=0 cap_fver=0 cap_frootid=0OUID="root" OGID="root"
type=PATH msg=audit(1779892894.144:747): item=1 name="/lib64/ld-linux-x86-64.so.2" inode=1189749 dev=08:02 mode=0100755 ouid=0 ogid=0 rdev=00:00 nametype=NORMAL cap_fp=0 cap_fi=0 cap_fe=0 cap_fver=0 cap_frootid=0OUID="root" OGID="root"
type=PROCTITLE msg=audit(1779892894.144:747): proctitle=7368002D63005B2021202D65202F72756E2F73797374656D642F73797374656D205D207C7C205B2024286964202D7529202D6E652030205D207C7C2073797374656D63746C207374617274202D2D6E6F2D626C6F636B206170742D6E6577732E736572766963652065736D2D63616368652E73657276696365203E2F6465762F
type=SYSCALL msg=audit(1779892894.148:748): arch=c000003e syscall=59 success=yes exit=0 a0=561397c45b60 a1=561397c45a18 a2=561397c45ae8 a3=0 items=2 ppid=1030 pid=1031 auid=1000 uid=0 gid=0 euid=0 suid=0 fsuid=0 egid=0 sgid=0 fsgid=0 tty=pts1 ses=1 comm="id" exe="/usr/bin/id" subj=unconfined key="root_commands"ARCH=x86_64 SYSCALL=execve AUID="alumno" UID="root" GID="root" EUID="root" SUID="root" FSUID="root" EGID="root" SGID="root" FSGID="root"
type=EXECVE msg=audit(1779892894.148:748): argc=2 a0="id" a1="-u"
type=CWD msg=audit(1779892894.148:748): cwd="/tmp"
type=PATH msg=audit(1779892894.148:748): item=0 name="/usr/bin/id" inode=1211919 dev=08:02 mode=0100755 ouid=0 ogid=0 rdev=00:00 nametype=NORMAL cap_fp=0 cap_fi=0 cap_fe=0 cap_fver=0 cap_frootid=0OUID="root" OGID="root"
type=PATH msg=audit(1779892894.148:748): item=1 name="/lib64/ld-linux-x86-64.so.2" inode=1189749 dev=08:02 mode=0100755 ouid=0 ogid=0 rdev=00:00 nametype=NORMAL cap_fp=0 cap_fi=0 cap_fe=0 cap_fver=0 cap_frootid=0OUID="root" OGID="root"
type=PROCTITLE msg=audit(1779892894.148:748): proctitle=6964002D75
type=SYSCALL msg=audit(1779892894.152:749): arch=c000003e syscall=59 success=yes exit=0 a0=561397c45bb8 a1=561397c45af0 a2=561397c45b40 a3=8 items=2 ppid=1030 pid=1032 auid=1000 uid=0 gid=0 euid=0 suid=0 fsuid=0 egid=0 sgid=0 fsgid=0 tty=pts1 ses=1 comm="systemctl" exe="/usr/bin/systemctl" subj=unconfined key="root_commands"ARCH=x86_64 SYSCALL=execve AUID="alumno" UID="root" GID="root" EUID="root" SUID="root" FSUID="root" EGID="root" SGID="root" FSGID="root"
type=EXECVE msg=audit(1779892894.152:749): argc=5 a0="systemctl" a1="start" a2="--no-block" a3="apt-news.service" a4="esm-cache.service"
type=CWD msg=audit(1779892894.152:749): cwd="/tmp"
type=PATH msg=audit(1779892894.152:749): item=0 name="/usr/bin/systemctl" inode=1180455 dev=08:02 mode=0100755 ouid=0 ogid=0 rdev=00:00 nametype=NORMAL cap_fp=0 cap_fi=0 cap_fe=0 cap_fver=0 cap_frootid=0OUID="root" OGID="root"
type=PATH msg=audit(1779892894.152:749): item=1 name="/lib64/ld-linux-x86-64.so.2" inode=1189749 dev=08:02 mode=0100755 ouid=0 ogid=0 rdev=00:00 nametype=NORMAL cap_fp=0 cap_fi=0 cap_fe=0 cap_fver=0 cap_frootid=0OUID="root" OGID="root"
type=PROCTITLE msg=audit(1779892894.152:749): proctitle=73797374656D63746C007374617274002D2D6E6F2D626C6F636B006170742D6E6577732E736572766963650065736D2D63616368652E73657276696365
type=SYSCALL msg=audit(1779892894.152:750): arch=c000003e syscall=59 success=yes exit=0 a0=560cf9221f10 a1=7fff0b19cca0 a2=7fff0b19d1e8 a3=0 items=2 ppid=1032 pid=1033 auid=1000 uid=0 gid=0 euid=0 suid=0 fsuid=0 egid=0 sgid=0 fsgid=0 tty=pts1 ses=1 comm="systemd-tty-ask" exe="/usr/bin/systemd-tty-ask-password-agent" subj=unconfined key="root_commands"ARCH=x86_64 SYSCALL=execve AUID="alumno" UID="root" GID="root" EUID="root" SUID="root" FSUID="root" EGID="root" SGID="root" FSGID="root"
type=EXECVE msg=audit(1779892894.152:750): argc=2 a0="/bin/systemd-tty-ask-password-agent" a1="--watch"
type=CWD msg=audit(1779892894.152:750): cwd="/tmp"
type=PATH msg=audit(1779892894.152:750): item=0 name="/bin/systemd-tty-ask-password-agent" inode=1180503 dev=08:02 mode=0100755 ouid=0 ogid=0 rdev=00:00 nametype=NORMAL cap_fp=0 cap_fi=0 cap_fe=0 cap_fver=0 cap_frootid=0OUID="root" OGID="root"
type=PATH msg=audit(1779892894.152:750): item=1 name="/lib64/ld-linux-x86-64.so.2" inode=1189749 dev=08:02 mode=0100755 ouid=0 ogid=0 rdev=00:00 nametype=NORMAL cap_fp=0 cap_fi=0 cap_fe=0 cap_fver=0 cap_frootid=0OUID="root" OGID="root"
type=PROCTITLE msg=audit(1779892894.152:750): proctitle=2F62696E2F73797374656D642D7474792D61736B2D70617373776F72642D6167656E74002D2D7761746368
type=SYSCALL msg=audit(1779892894.164:751): arch=c000003e syscall=59 success=yes exit=0 a0=55b5b82cdcf0 a1=55b5b83518c0 a2=55b5b82c3010 a3=7fff6f2f4860 items=2 ppid=1 pid=1034 auid=4294967295 uid=0 gid=0 euid=0 suid=0 fsuid=0 egid=0 sgid=0 fsgid=0 tty=(none) ses=4294967295 comm="python3" exe="/usr/bin/python3.10" subj=ubuntu_pro_apt_news key="root_commands"ARCH=x86_64 SYSCALL=execve AUID="unset" UID="root" GID="root" EUID="root" SUID="root" FSUID="root" EGID="root" SGID="root" FSGID="root"
type=BPRM_FCAPS msg=audit(1779892894.164:751): fver=0 fp=0 fi=0 fe=0 old_pp=000001ffffffffff old_pi=0 old_pe=000001ffffffffff old_pa=0 pp=000001ffffd7cbff pi=0 pe=000001ffffd7cbff pa=0 frootid=0
type=EXECVE msg=audit(1779892894.164:751): argc=2 a0="/usr/bin/python3" a1="/usr/lib/ubuntu-advantage/apt_news.py"
type=CWD msg=audit(1779892894.164:751): cwd="/"
type=PATH msg=audit(1779892894.164:751): item=0 name="/usr/bin/python3" inode=1179746 dev=08:02 mode=0100755 ouid=0 ogid=0 rdev=00:00 nametype=NORMAL cap_fp=0 cap_fi=0 cap_fe=0 cap_fver=0 cap_frootid=0OUID="root" OGID="root"
type=PATH msg=audit(1779892894.164:751): item=1 name="/lib64/ld-linux-x86-64.so.2" inode=1189749 dev=08:02 mode=0100755 ouid=0 ogid=0 rdev=00:00 nametype=NORMAL cap_fp=0 cap_fi=0 cap_fe=0 cap_fver=0 cap_frootid=0OUID="root" OGID="root"
type=PROCTITLE msg=audit(1779892894.164:751): proctitle=2F7573722F62696E2F707974686F6E33002F7573722F6C69622F7562756E74752D616476616E746167652F6170745F6E6577732E7079
type=SYSCALL msg=audit(1779892894.172:752): arch=c000003e syscall=59 success=yes exit=0 a0=55b5b82d3af0 a1=55b5b82cf450 a2=55b5b82cde00 a3=7fff6f2f4860 items=2 ppid=1 pid=1035 auid=4294967295 uid=0 gid=0 euid=0 suid=0 fsuid=0 egid=0 sgid=0 fsgid=0 tty=(none) ses=4294967295 comm="python3" exe="/usr/bin/python3.10" subj=ubuntu_pro_esm_cache key="root_commands"ARCH=x86_64 SYSCALL=execve AUID="unset" UID="root" GID="root" EUID="root" SUID="root" FSUID="root" EGID="root" SGID="root" FSGID="root"
type=BPRM_FCAPS msg=audit(1779892894.172:752): fver=0 fp=0 fi=0 fe=0 old_pp=000001ffffffffff old_pi=0 old_pe=000001ffffffffff old_pa=0 pp=000001ffffd7cbff pi=0 pe=000001ffffd7cbff pa=0 frootid=0
type=EXECVE msg=audit(1779892894.172:752): argc=2 a0="/usr/bin/python3" a1="/usr/lib/ubuntu-advantage/esm_cache.py"
type=CWD msg=audit(1779892894.172:752): cwd="/"
type=PATH msg=audit(1779892894.172:752): item=0 name="/usr/bin/python3" inode=1179746 dev=08:02 mode=0100755 ouid=0 ogid=0 rdev=00:00 nametype=NORMAL cap_fp=0 cap_fi=0 cap_fe=0 cap_fver=0 cap_frootid=0OUID="root" OGID="root"
type=PATH msg=audit(1779892894.172:752): item=1 name="/lib64/ld-linux-x86-64.so.2" inode=1189749 dev=08:02 mode=0100755 ouid=0 ogid=0 rdev=00:00 nametype=NORMAL cap_fp=0 cap_fi=0 cap_fe=0 cap_fver=0 cap_frootid=0OUID="root" OGID="root"
type=PROCTITLE msg=audit(1779892894.172:752): proctitle=2F7573722F62696E2F707974686F6E33002F7573722F6C69622F7562756E74752D616476616E746167652F65736D5F63616368652E7079
type=SYSCALL msg=audit(1779892894.176:753): arch=c000003e syscall=257 success=yes exit=5 a0=ffffff9c a1=7f8c649192ac a2=80000 a3=0 items=1 ppid=1025 pid=1026 auid=1000 uid=0 gid=0 euid=0 suid=0 fsuid=0 egid=0 sgid=0 fsgid=0 tty=pts1 ses=1 comm="apt" exe="/usr/bin/apt" subj=unconfined key="passwd_changes"ARCH=x86_64 SYSCALL=openat AUID="alumno" UID="root" GID="root" EUID="root" SUID="root" FSUID="root" EGID="root" SGID="root" FSGID="root"
type=CWD msg=audit(1779892894.176:753): cwd="/home/alumno"
type=PATH msg=audit(1779892894.176:753): item=0 name="/etc/passwd" inode=1050445 dev=08:02 mode=0100644 ouid=0 ogid=0 rdev=00:00 nametype=NORMAL cap_fp=0 cap_fi=0 cap_fe=0 cap_fver=0 cap_frootid=0OUID="root" OGID="root"
type=PROCTITLE msg=audit(1779892894.176:753): proctitle=61707400757064617465
type=SYSCALL msg=audit(1779892894.176:754): arch=c000003e syscall=59 success=yes exit=0 a0=560cf40196d0 a1=7fff55c2e500 a2=7fff55c2f0d0 a3=7f8c648fbac0 items=2 ppid=1026 pid=1036 auid=1000 uid=0 gid=0 euid=0 suid=0 fsuid=0 egid=0 sgid=0 fsgid=0 tty=pts1 ses=1 comm="http" exe="/usr/lib/apt/methods/http" subj=unconfined key="root_commands"ARCH=x86_64 SYSCALL=execve AUID="alumno" UID="root" GID="root" EUID="root" SUID="root" FSUID="root" EGID="root" SGID="root" FSGID="root"
type=EXECVE msg=audit(1779892894.176:754): argc=1 a0="/usr/lib/apt/methods/http"
type=CWD msg=audit(1779892894.176:754): cwd="/home/alumno"
type=PATH msg=audit(1779892894.176:754): item=0 name="/usr/lib/apt/methods/http" inode=1189181 dev=08:02 mode=0100755 ouid=0 ogid=0 rdev=00:00 nametype=NORMAL cap_fp=0 cap_fi=0 cap_fe=0 cap_fver=0 cap_frootid=0OUID="root" OGID="root"
type=PATH msg=audit(1779892894.176:754): item=1 name="/lib64/ld-linux-x86-64.so.2" inode=1189749 dev=08:02 mode=0100755 ouid=0 ogid=0 rdev=00:00 nametype=NORMAL cap_fp=0 cap_fi=0 cap_fe=0 cap_fver=0 cap_frootid=0OUID="root" OGID="root"
type=PROCTITLE msg=audit(1779892894.176:754): proctitle="/usr/lib/apt/methods/http"
type=SYSCALL msg=audit(1779892894.176:755): arch=c000003e syscall=257 success=yes exit=3 a0=ffffff9c a1=7f4ac90f62ac a2=80000 a3=0 items=1 ppid=1 pid=1035 auid=4294967295 uid=0 gid=0 euid=0 suid=0 fsuid=0 egid=0 sgid=0 fsgid=0 tty=(none) ses=4294967295 comm="python3" exe="/usr/bin/python3.10" subj=ubuntu_pro_esm_cache key="passwd_changes"ARCH=x86_64 SYSCALL=openat AUID="unset" UID="root" GID="root" EUID="root" SUID="root" FSUID="root" EGID="root" SGID="root" FSGID="root"
type=CWD msg=audit(1779892894.176:755): cwd="/"
type=PATH msg=audit(1779892894.176:755): item=0 name="/etc/passwd" inode=1050445 dev=08:02 mode=0100644 ouid=0 ogid=0 rdev=00:00 nametype=NORMAL cap_fp=0 cap_fi=0 cap_fe=0 cap_fver=0 cap_frootid=0OUID="root" OGID="root"
type=PROCTITLE msg=audit(1779892894.176:755): proctitle=2F7573722F62696E2F707974686F6E33002F7573722F6C69622F7562756E74752D616476616E746167652F65736D5F63616368652E7079
type=SYSCALL msg=audit(1779892894.184:756): arch=c000003e syscall=59 success=yes exit=0 a0=560cf40196d0 a1=7fff55c2e500 a2=7fff55c2f0d0 a3=7f8c648fbac0 items=2 ppid=1026 pid=1037 auid=1000 uid=0 gid=0 euid=0 suid=0 fsuid=0 egid=0 sgid=0 fsgid=0 tty=pts1 ses=1 comm="http" exe="/usr/lib/apt/methods/http" subj=unconfined key="root_commands"ARCH=x86_64 SYSCALL=execve AUID="alumno" UID="root" GID="root" EUID="root" SUID="root" FSUID="root" EGID="root" SGID="root" FSGID="root"
type=EXECVE msg=audit(1779892894.184:756): argc=1 a0="/usr/lib/apt/methods/http"
type=CWD msg=audit(1779892894.184:756): cwd="/home/alumno"
type=PATH msg=audit(1779892894.184:756): item=0 name="/usr/lib/apt/methods/http" inode=1189181 dev=08:02 mode=0100755 ouid=0 ogid=0 rdev=00:00 nametype=NORMAL cap_fp=0 cap_fi=0 cap_fe=0 cap_fver=0 cap_frootid=0OUID="root" OGID="root"
type=PATH msg=audit(1779892894.184:756): item=1 name="/lib64/ld-linux-x86-64.so.2" inode=1189749 dev=08:02 mode=0100755 ouid=0 ogid=0 rdev=00:00 nametype=NORMAL cap_fp=0 cap_fi=0 cap_fe=0 cap_fver=0 cap_frootid=0OUID="root" OGID="root"
type=PROCTITLE msg=audit(1779892894.184:756): proctitle="/usr/lib/apt/methods/http"
type=SYSCALL msg=audit(1779892894.196:757): arch=c000003e syscall=257 success=yes exit=3 a0=ffffff9c a1=7fbeab2f32ac a2=80000 a3=0 items=1 ppid=1 pid=1034 auid=4294967295 uid=0 gid=0 euid=0 suid=0 fsuid=0 egid=0 sgid=0 fsgid=0 tty=(none) ses=4294967295 comm="python3" exe="/usr/bin/python3.10" subj=ubuntu_pro_apt_news key="passwd_changes"ARCH=x86_64 SYSCALL=openat AUID="unset" UID="root" GID="root" EUID="root" SUID="root" FSUID="root" EGID="root" SGID="root" FSGID="root"
type=CWD msg=audit(1779892894.196:757): cwd="/"
type=PATH msg=audit(1779892894.196:757): item=0 name="/etc/passwd" inode=1050445 dev=08:02 mode=0100644 ouid=0 ogid=0 rdev=00:00 nametype=NORMAL cap_fp=0 cap_fi=0 cap_fe=0 cap_fver=0 cap_frootid=0OUID="root" OGID="root"
type=PROCTITLE msg=audit(1779892894.196:757): proctitle=2F7573722F62696E2F707974686F6E33002F7573722F6C69622F7562756E74752D616476616E746167652F6170745F6E6577732E7079
type=SYSCALL msg=audit(1779892894.196:758): arch=c000003e syscall=257 success=yes exit=3 a0=ffffff9c a1=7fe7920062ac a2=80000 a3=0 items=1 ppid=1026 pid=1036 auid=1000 uid=0 gid=0 euid=0 suid=0 fsuid=0 egid=0 sgid=0 fsgid=0 tty=pts1 ses=1 comm="http" exe="/usr/lib/apt/methods/http" subj=unconfined key="passwd_changes"ARCH=x86_64 SYSCALL=openat AUID="alumno" UID="root" GID="root" EUID="root" SUID="root" FSUID="root" EGID="root" SGID="root" FSGID="root"
type=CWD msg=audit(1779892894.196:758): cwd="/home/alumno"
type=PATH msg=audit(1779892894.196:758): item=0 name="/etc/passwd" inode=1050445 dev=08:02 mode=0100644 ouid=0 ogid=0 rdev=00:00 nametype=NORMAL cap_fp=0 cap_fi=0 cap_fe=0 cap_fver=0 cap_frootid=0OUID="root" OGID="root"
type=PROCTITLE msg=audit(1779892894.196:758): proctitle="/usr/lib/apt/methods/http"
type=SYSCALL msg=audit(1779892894.204:759): arch=c000003e syscall=257 success=yes exit=3 a0=ffffff9c a1=7f79e8d4c2ac a2=80000 a3=0 items=1 ppid=1026 pid=1037 auid=1000 uid=0 gid=0 euid=0 suid=0 fsuid=0 egid=0 sgid=0 fsgid=0 tty=pts1 ses=1 comm="http" exe="/usr/lib/apt/methods/http" subj=unconfined key="passwd_changes"ARCH=x86_64 SYSCALL=openat AUID="alumno" UID="root" GID="root" EUID="root" SUID="root" FSUID="root" EGID="root" SGID="root" FSGID="root"
type=CWD msg=audit(1779892894.204:759): cwd="/home/alumno"
type=PATH msg=audit(1779892894.204:759): item=0 name="/etc/passwd" inode=1050445 dev=08:02 mode=0100644 ouid=0 ogid=0 rdev=00:00 nametype=NORMAL cap_fp=0 cap_fi=0 cap_fe=0 cap_fver=0 cap_frootid=0OUID="root" OGID="root"
type=PROCTITLE msg=audit(1779892894.204:759): proctitle="/usr/lib/apt/methods/http"
type=SYSCALL msg=audit(1779892894.344:760): arch=c000003e syscall=59 success=yes exit=0 a0=7f4ac75e2c10 a1=7f4ac75e2c30 a2=7f4ac7682a30 a3=8 items=2 ppid=1035 pid=1038 auid=4294967295 uid=0 gid=0 euid=0 suid=0 fsuid=0 egid=0 sgid=0 fsgid=0 tty=(none) ses=4294967295 comm="ubuntu-distro-i" exe="/usr/bin/ubuntu-distro-info" subj=ubuntu_pro_esm_cache//ubuntu_distro_info key="root_commands"ARCH=x86_64 SYSCALL=execve AUID="unset" UID="root" GID="root" EUID="root" SUID="root" FSUID="root" EGID="root" SGID="root" FSGID="root"
type=BPRM_FCAPS msg=audit(1779892894.344:760): fver=0 fp=0 fi=0 fe=0 old_pp=000001ffffd7cbff old_pi=0 old_pe=000001ffffd7cbff old_pa=0 pp=000001ffffd7cbff pi=0 pe=000001ffffd7cbff pa=0 frootid=0
type=EXECVE msg=audit(1779892894.344:760): argc=2 a0="/usr/bin/ubuntu-distro-info" a1="--supported-esm"
type=CWD msg=audit(1779892894.344:760): cwd="/"
type=PATH msg=audit(1779892894.344:760): item=0 name="/usr/bin/ubuntu-distro-info" inode=1180807 dev=08:02 mode=0100755 ouid=0 ogid=0 rdev=00:00 nametype=NORMAL cap_fp=0 cap_fi=0 cap_fe=0 cap_fver=0 cap_frootid=0OUID="root" OGID="root"
type=PATH msg=audit(1779892894.344:760): item=1 name="/lib64/ld-linux-x86-64.so.2" inode=1189749 dev=08:02 mode=0100755 ouid=0 ogid=0 rdev=00:00 nametype=NORMAL cap_fp=0 cap_fi=0 cap_fe=0 cap_fver=0 cap_frootid=0OUID="root" OGID="root"
type=PROCTITLE msg=audit(1779892894.344:760): proctitle=2F7573722F62696E2F7562756E74752D64697374726F2D696E666F002D2D737570706F727465642D65736D
type=SYSCALL msg=audit(1779892894.348:761): arch=c000003e syscall=257 success=yes exit=3 a0=ffffff9c a1=7fbeab2f32ac a2=80000 a3=0 items=1 ppid=1 pid=1034 auid=4294967295 uid=0 gid=0 euid=0 suid=0 fsuid=0 egid=0 sgid=0 fsgid=0 tty=(none) ses=4294967295 comm="python3" exe="/usr/bin/python3.10" subj=ubuntu_pro_apt_news key="passwd_changes"ARCH=x86_64 SYSCALL=openat AUID="unset" UID="root" GID="root" EUID="root" SUID="root" FSUID="root" EGID="root" SGID="root" FSGID="root"
type=CWD msg=audit(1779892894.348:761): cwd="/"
type=PATH msg=audit(1779892894.348:761): item=0 name="/etc/passwd" inode=1050445 dev=08:02 mode=0100644 ouid=0 ogid=0 rdev=00:00 nametype=NORMAL cap_fp=0 cap_fi=0 cap_fe=0 cap_fver=0 cap_frootid=0OUID="root" OGID="root"
type=PROCTITLE msg=audit(1779892894.348:761): proctitle=2F7573722F62696E2F707974686F6E33002F7573722F6C69622F7562756E74752D616476616E746167652F6170745F6E6577732E7079
type=SYSCALL msg=audit(1779892894.348:762): arch=c000003e syscall=59 success=yes exit=0 a0=562a469f8490 a1=7ffe47b31950 a2=7ffe47b33240 a3=7fbeab2d5ac0 items=2 ppid=1034 pid=1039 auid=4294967295 uid=0 gid=0 euid=0 suid=0 fsuid=0 egid=0 sgid=0 fsgid=0 tty=(none) ses=4294967295 comm="https" exe="/usr/lib/apt/methods/http" subj=ubuntu_pro_apt_news key="root_commands"ARCH=x86_64 SYSCALL=execve AUID="unset" UID="root" GID="root" EUID="root" SUID="root" FSUID="root" EGID="root" SGID="root" FSGID="root"
type=BPRM_FCAPS msg=audit(1779892894.348:762): fver=0 fp=0 fi=0 fe=0 old_pp=000001ffffd7cbff old_pi=0 old_pe=000001ffffd7cbff old_pa=0 pp=000001ffffd7cbff pi=0 pe=000001ffffd7cbff pa=0 frootid=0
type=EXECVE msg=audit(1779892894.348:762): argc=1 a0="/usr/lib/apt/methods/https"
type=CWD msg=audit(1779892894.348:762): cwd="/"
type=PATH msg=audit(1779892894.348:762): item=0 name="/usr/lib/apt/methods/https" inode=1189181 dev=08:02 mode=0100755 ouid=0 ogid=0 rdev=00:00 nametype=NORMAL cap_fp=0 cap_fi=0 cap_fe=0 cap_fver=0 cap_frootid=0OUID="root" OGID="root"
type=PATH msg=audit(1779892894.348:762): item=1 name="/lib64/ld-linux-x86-64.so.2" inode=1189749 dev=08:02 mode=0100755 ouid=0 ogid=0 rdev=00:00 nametype=NORMAL cap_fp=0 cap_fi=0 cap_fe=0 cap_fver=0 cap_frootid=0OUID="root" OGID="root"
type=PROCTITLE msg=audit(1779892894.348:762): proctitle="/usr/lib/apt/methods/https"
type=SYSCALL msg=audit(1779892894.356:763): arch=c000003e syscall=257 success=yes exit=3 a0=ffffff9c a1=7fbeab2f32ac a2=80000 a3=0 items=1 ppid=1 pid=1034 auid=4294967295 uid=0 gid=0 euid=0 suid=0 fsuid=0 egid=0 sgid=0 fsgid=0 tty=(none) ses=4294967295 comm="python3" exe="/usr/bin/python3.10" subj=ubuntu_pro_apt_news key="passwd_changes"ARCH=x86_64 SYSCALL=openat AUID="unset" UID="root" GID="root" EUID="root" SUID="root" FSUID="root" EGID="root" SGID="root" FSGID="root"
type=CWD msg=audit(1779892894.356:763): cwd="/"
type=PATH msg=audit(1779892894.356:763): item=0 name="/etc/passwd" inode=1050445 dev=08:02 mode=0100644 ouid=0 ogid=0 rdev=00:00 nametype=NORMAL cap_fp=0 cap_fi=0 cap_fe=0 cap_fver=0 cap_frootid=0OUID="root" OGID="root"
type=PROCTITLE msg=audit(1779892894.356:763): proctitle=2F7573722F62696E2F707974686F6E33002F7573722F6C69622F7562756E74752D616476616E746167652F6170745F6E6577732E7079
type=SYSCALL msg=audit(1779892894.360:764): arch=c000003e syscall=59 success=yes exit=0 a0=562a469b7320 a1=7ffe47b31e60 a2=7ffe47b33240 a3=7fbeab2d5ac0 items=2 ppid=1034 pid=1040 auid=4294967295 uid=0 gid=0 euid=0 suid=0 fsuid=0 egid=0 sgid=0 fsgid=0 tty=(none) ses=4294967295 comm="https" exe="/usr/lib/apt/methods/http" subj=ubuntu_pro_apt_news key="root_commands"ARCH=x86_64 SYSCALL=execve AUID="unset" UID="root" GID="root" EUID="root" SUID="root" FSUID="root" EGID="root" SGID="root" FSGID="root"
type=BPRM_FCAPS msg=audit(1779892894.360:764): fver=0 fp=0 fi=0 fe=0 old_pp=000001ffffd7cbff old_pi=0 old_pe=000001ffffd7cbff old_pa=0 pp=000001ffffd7cbff pi=0 pe=000001ffffd7cbff pa=0 frootid=0
type=EXECVE msg=audit(1779892894.360:764): argc=1 a0="/usr/lib/apt/methods/https"
type=CWD msg=audit(1779892894.360:764): cwd="/"
type=PATH msg=audit(1779892894.360:764): item=0 name="/usr/lib/apt/methods/https" inode=1189181 dev=08:02 mode=0100755 ouid=0 ogid=0 rdev=00:00 nametype=NORMAL cap_fp=0 cap_fi=0 cap_fe=0 cap_fver=0 cap_frootid=0OUID="root" OGID="root"
type=PATH msg=audit(1779892894.360:764): item=1 name="/lib64/ld-linux-x86-64.so.2" inode=1189749 dev=08:02 mode=0100755 ouid=0 ogid=0 rdev=00:00 nametype=NORMAL cap_fp=0 cap_fi=0 cap_fe=0 cap_fver=0 cap_frootid=0OUID="root" OGID="root"
type=PROCTITLE msg=audit(1779892894.360:764): proctitle="/usr/lib/apt/methods/https"
type=SYSCALL msg=audit(1779892894.368:765): arch=c000003e syscall=257 success=yes exit=3 a0=ffffff9c a1=7fe43798c2ac a2=80000 a3=0 items=1 ppid=1034 pid=1040 auid=4294967295 uid=0 gid=0 euid=0 suid=0 fsuid=0 egid=0 sgid=0 fsgid=0 tty=(none) ses=4294967295 comm="https" exe="/usr/lib/apt/methods/http" subj=ubuntu_pro_apt_news key="passwd_changes"ARCH=x86_64 SYSCALL=openat AUID="unset" UID="root" GID="root" EUID="root" SUID="root" FSUID="root" EGID="root" SGID="root" FSGID="root"
type=CWD msg=audit(1779892894.368:765): cwd="/"
type=PATH msg=audit(1779892894.368:765): item=0 name="/etc/passwd" inode=1050445 dev=08:02 mode=0100644 ouid=0 ogid=0 rdev=00:00 nametype=NORMAL cap_fp=0 cap_fi=0 cap_fe=0 cap_fver=0 cap_frootid=0OUID="root" OGID="root"
type=PROCTITLE msg=audit(1779892894.368:765): proctitle="/usr/lib/apt/methods/https"
type=SYSCALL msg=audit(1779892894.408:766): arch=c000003e syscall=59 success=yes exit=0 a0=7f4ac75e3d50 a1=7f4ac74b9710 a2=7f4ac74de430 a3=8 items=2 ppid=1035 pid=1041 auid=4294967295 uid=0 gid=0 euid=0 suid=0 fsuid=0 egid=0 sgid=0 fsgid=0 tty=(none) ses=4294967295 comm="ubuntu-distro-i" exe="/usr/bin/ubuntu-distro-info" subj=ubuntu_pro_esm_cache//ubuntu_distro_info key="root_commands"ARCH=x86_64 SYSCALL=execve AUID="unset" UID="root" GID="root" EUID="root" SUID="root" FSUID="root" EGID="root" SGID="root" FSGID="root"
type=BPRM_FCAPS msg=audit(1779892894.408:766): fver=0 fp=0 fi=0 fe=0 old_pp=000001ffffd7cbff old_pi=0 old_pe=000001ffffd7cbff old_pa=0 pp=000001ffffd7cbff pi=0 pe=000001ffffd7cbff pa=0 frootid=0
type=EXECVE msg=audit(1779892894.408:766): argc=4 a0="/usr/bin/ubuntu-distro-info" a1="--series" a2="jammy" a3="-yeol"
type=CWD msg=audit(1779892894.408:766): cwd="/"
type=PATH msg=audit(1779892894.408:766): item=0 name="/usr/bin/ubuntu-distro-info" inode=1180807 dev=08:02 mode=0100755 ouid=0 ogid=0 rdev=00:00 nametype=NORMAL cap_fp=0 cap_fi=0 cap_fe=0 cap_fver=0 cap_frootid=0OUID="root" OGID="root"
type=PATH msg=audit(1779892894.408:766): item=1 name="/lib64/ld-linux-x86-64.so.2" inode=1189749 dev=08:02 mode=0100755 ouid=0 ogid=0 rdev=00:00 nametype=NORMAL cap_fp=0 cap_fi=0 cap_fe=0 cap_fver=0 cap_frootid=0OUID="root" OGID="root"
type=PROCTITLE msg=audit(1779892894.408:766): proctitle=2F7573722F62696E2F7562756E74752D64697374726F2D696E666F002D2D736572696573006A616D6D79002D79656F6C
type=SYSCALL msg=audit(1779892894.412:767): arch=c000003e syscall=59 success=yes exit=0 a0=55a71cfc5540 a1=55a71d06c940 a2=7ffd41c36d00 a3=7 items=2 ppid=1035 pid=1042 auid=4294967295 uid=0 gid=0 euid=0 suid=0 fsuid=0 egid=0 sgid=0 fsgid=0 tty=(none) ses=4294967295 comm="dpkg" exe="/usr/bin/dpkg" subj=ubuntu_pro_esm_cache//dpkg key="root_commands"ARCH=x86_64 SYSCALL=execve AUID="unset" UID="root" GID="root" EUID="root" SUID="root" FSUID="root" EGID="root" SGID="root" FSGID="root"
type=BPRM_FCAPS msg=audit(1779892894.412:767): fver=0 fp=0 fi=0 fe=0 old_pp=000001ffffd7cbff old_pi=0 old_pe=000001ffffd7cbff old_pa=0 pp=000001ffffd7cbff pi=0 pe=000001ffffd7cbff pa=0 frootid=0
type=EXECVE msg=audit(1779892894.412:767): argc=2 a0="/usr/bin/dpkg" a1="--print-foreign-architectures"
type=CWD msg=audit(1779892894.412:767): cwd="/"
type=PATH msg=audit(1779892894.412:767): item=0 name="/usr/bin/dpkg" inode=1180605 dev=08:02 mode=0100755 ouid=0 ogid=0 rdev=00:00 nametype=NORMAL cap_fp=0 cap_fi=0 cap_fe=0 cap_fver=0 cap_frootid=0OUID="root" OGID="root"
type=PATH msg=audit(1779892894.412:767): item=1 name="/lib64/ld-linux-x86-64.so.2" inode=1189749 dev=08:02 mode=0100755 ouid=0 ogid=0 rdev=00:00 nametype=NORMAL cap_fp=0 cap_fi=0 cap_fe=0 cap_fver=0 cap_frootid=0OUID="root" OGID="root"
type=PROCTITLE msg=audit(1779892894.412:767): proctitle=2F7573722F62696E2F64706B67002D2D7072696E742D666F726569676E2D61726368697465637475726573
type=SYSCALL msg=audit(1779892894.420:768): arch=c000003e syscall=59 success=yes exit=0 a0=55a71d0838f0 a1=55a71ce94050 a2=7ffd41c36d00 a3=88 items=2 ppid=1035 pid=1043 auid=4294967295 uid=0 gid=0 euid=0 suid=0 fsuid=0 egid=0 sgid=0 fsgid=0 tty=(none) ses=4294967295 comm="dpkg" exe="/usr/bin/dpkg" subj=ubuntu_pro_esm_cache//dpkg key="root_commands"ARCH=x86_64 SYSCALL=execve AUID="unset" UID="root" GID="root" EUID="root" SUID="root" FSUID="root" EGID="root" SGID="root" FSGID="root"
type=BPRM_FCAPS msg=audit(1779892894.420:768): fver=0 fp=0 fi=0 fe=0 old_pp=000001ffffd7cbff old_pi=0 old_pe=000001ffffd7cbff old_pa=0 pp=000001ffffd7cbff pi=0 pe=000001ffffd7cbff pa=0 frootid=0
type=EXECVE msg=audit(1779892894.420:768): argc=2 a0="/usr/bin/dpkg" a1="--print-foreign-architectures"
type=CWD msg=audit(1779892894.420:768): cwd="/"
type=PATH msg=audit(1779892894.420:768): item=0 name="/usr/bin/dpkg" inode=1180605 dev=08:02 mode=0100755 ouid=0 ogid=0 rdev=00:00 nametype=NORMAL cap_fp=0 cap_fi=0 cap_fe=0 cap_fver=0 cap_frootid=0OUID="root" OGID="root"
type=PATH msg=audit(1779892894.420:768): item=1 name="/lib64/ld-linux-x86-64.so.2" inode=1189749 dev=08:02 mode=0100755 ouid=0 ogid=0 rdev=00:00 nametype=NORMAL cap_fp=0 cap_fi=0 cap_fe=0 cap_fver=0 cap_frootid=0OUID="root" OGID="root"
type=PROCTITLE msg=audit(1779892894.420:768): proctitle=2F7573722F62696E2F64706B67002D2D7072696E742D666F726569676E2D61726368697465637475726573
type=SYSCALL msg=audit(1779892894.452:769): arch=c000003e syscall=257 success=yes exit=3 a0=ffffff9c a1=7f4ac90f62ac a2=80000 a3=0 items=1 ppid=1 pid=1035 auid=4294967295 uid=0 gid=0 euid=0 suid=0 fsuid=0 egid=0 sgid=0 fsgid=0 tty=(none) ses=4294967295 comm="python3" exe="/usr/bin/python3.10" subj=ubuntu_pro_esm_cache key="passwd_changes"ARCH=x86_64 SYSCALL=openat AUID="unset" UID="root" GID="root" EUID="root" SUID="root" FSUID="root" EGID="root" SGID="root" FSGID="root"
type=CWD msg=audit(1779892894.452:769): cwd="/"
type=PATH msg=audit(1779892894.452:769): item=0 name="/etc/passwd" inode=1050445 dev=08:02 mode=0100644 ouid=0 ogid=0 rdev=00:00 nametype=NORMAL cap_fp=0 cap_fi=0 cap_fe=0 cap_fver=0 cap_frootid=0OUID="root" OGID="root"
type=PROCTITLE msg=audit(1779892894.452:769): proctitle=2F7573722F62696E2F707974686F6E33002F7573722F6C69622F7562756E74752D616476616E746167652F65736D5F63616368652E7079
type=SYSCALL msg=audit(1779892894.452:770): arch=c000003e syscall=257 success=yes exit=3 a0=ffffff9c a1=7f4ac90f62ac a2=80000 a3=0 items=1 ppid=1 pid=1035 auid=4294967295 uid=0 gid=0 euid=0 suid=0 fsuid=0 egid=0 sgid=0 fsgid=0 tty=(none) ses=4294967295 comm="python3" exe="/usr/bin/python3.10" subj=ubuntu_pro_esm_cache key="passwd_changes"ARCH=x86_64 SYSCALL=openat AUID="unset" UID="root" GID="root" EUID="root" SUID="root" FSUID="root" EGID="root" SGID="root" FSGID="root"
type=CWD msg=audit(1779892894.452:770): cwd="/"
type=PATH msg=audit(1779892894.452:770): item=0 name="/etc/passwd" inode=1050445 dev=08:02 mode=0100644 ouid=0 ogid=0 rdev=00:00 nametype=NORMAL cap_fp=0 cap_fi=0 cap_fe=0 cap_fver=0 cap_frootid=0OUID="root" OGID="root"
type=PROCTITLE msg=audit(1779892894.452:770): proctitle=2F7573722F62696E2F707974686F6E33002F7573722F6C69622F7562756E74752D616476616E746167652F65736D5F63616368652E7079
type=SYSCALL msg=audit(1779892894.452:771): arch=c000003e syscall=59 success=yes exit=0 a0=55a71d130eb0 a1=7ffd41c35690 a2=7ffd41c36d00 a3=7f4ac90d8ac0 items=2 ppid=1035 pid=1044 auid=4294967295 uid=0 gid=0 euid=0 suid=0 fsuid=0 egid=0 sgid=0 fsgid=0 tty=(none) ses=4294967295 comm="https" exe="/usr/lib/apt/methods/http" subj=ubuntu_pro_esm_cache//apt_methods key="root_commands"ARCH=x86_64 SYSCALL=execve AUID="unset" UID="root" GID="root" EUID="root" SUID="root" FSUID="root" EGID="root" SGID="root" FSGID="root"
type=BPRM_FCAPS msg=audit(1779892894.452:771): fver=0 fp=0 fi=0 fe=0 old_pp=000001ffffd7cbff old_pi=0 old_pe=000001ffffd7cbff old_pa=0 pp=000001ffffd7cbff pi=0 pe=000001ffffd7cbff pa=0 frootid=0
type=EXECVE msg=audit(1779892894.452:771): argc=1 a0="/usr/lib/apt/methods/https"
type=CWD msg=audit(1779892894.452:771): cwd="/"
type=PATH msg=audit(1779892894.452:771): item=0 name="/usr/lib/apt/methods/https" inode=1189181 dev=08:02 mode=0100755 ouid=0 ogid=0 rdev=00:00 nametype=NORMAL cap_fp=0 cap_fi=0 cap_fe=0 cap_fver=0 cap_frootid=0OUID="root" OGID="root"
type=PATH msg=audit(1779892894.452:771): item=1 name="/lib64/ld-linux-x86-64.so.2" inode=1189749 dev=08:02 mode=0100755 ouid=0 ogid=0 rdev=00:00 nametype=NORMAL cap_fp=0 cap_fi=0 cap_fe=0 cap_fver=0 cap_frootid=0OUID="root" OGID="root"
type=PROCTITLE msg=audit(1779892894.452:771): proctitle="/usr/lib/apt/methods/https"
type=SYSCALL msg=audit(1779892894.468:772): arch=c000003e syscall=257 success=yes exit=4 a0=ffffff9c a1=7f4ac90f62ac a2=80000 a3=0 items=1 ppid=1 pid=1035 auid=4294967295 uid=0 gid=0 euid=0 suid=0 fsuid=0 egid=0 sgid=0 fsgid=0 tty=(none) ses=4294967295 comm="python3" exe="/usr/bin/python3.10" subj=ubuntu_pro_esm_cache key="passwd_changes"ARCH=x86_64 SYSCALL=openat AUID="unset" UID="root" GID="root" EUID="root" SUID="root" FSUID="root" EGID="root" SGID="root" FSGID="root"
type=CWD msg=audit(1779892894.468:772): cwd="/"
type=PATH msg=audit(1779892894.468:772): item=0 name="/etc/passwd" inode=1050445 dev=08:02 mode=0100644 ouid=0 ogid=0 rdev=00:00 nametype=NORMAL cap_fp=0 cap_fi=0 cap_fe=0 cap_fver=0 cap_frootid=0OUID="root" OGID="root"
type=PROCTITLE msg=audit(1779892894.468:772): proctitle=2F7573722F62696E2F707974686F6E33002F7573722F6C69622F7562756E74752D616476616E746167652F65736D5F63616368652E7079
type=SYSCALL msg=audit(1779892894.468:773): arch=c000003e syscall=59 success=yes exit=0 a0=55a71d130350 a1=7ffd41c35bb0 a2=7ffd41c36d00 a3=7f4ac90d8ac0 items=2 ppid=1035 pid=1045 auid=4294967295 uid=0 gid=0 euid=0 suid=0 fsuid=0 egid=0 sgid=0 fsgid=0 tty=(none) ses=4294967295 comm="https" exe="/usr/lib/apt/methods/http" subj=ubuntu_pro_esm_cache//apt_methods key="root_commands"ARCH=x86_64 SYSCALL=execve AUID="unset" UID="root" GID="root" EUID="root" SUID="root" FSUID="root" EGID="root" SGID="root" FSGID="root"
type=BPRM_FCAPS msg=audit(1779892894.468:773): fver=0 fp=0 fi=0 fe=0 old_pp=000001ffffd7cbff old_pi=0 old_pe=000001ffffd7cbff old_pa=0 pp=000001ffffd7cbff pi=0 pe=000001ffffd7cbff pa=0 frootid=0
type=EXECVE msg=audit(1779892894.468:773): argc=1 a0="/usr/lib/apt/methods/https"
type=CWD msg=audit(1779892894.468:773): cwd="/"
type=PATH msg=audit(1779892894.468:773): item=0 name="/usr/lib/apt/methods/https" inode=1189181 dev=08:02 mode=0100755 ouid=0 ogid=0 rdev=00:00 nametype=NORMAL cap_fp=0 cap_fi=0 cap_fe=0 cap_fver=0 cap_frootid=0OUID="root" OGID="root"
type=PATH msg=audit(1779892894.468:773): item=1 name="/lib64/ld-linux-x86-64.so.2" inode=1189749 dev=08:02 mode=0100755 ouid=0 ogid=0 rdev=00:00 nametype=NORMAL cap_fp=0 cap_fi=0 cap_fe=0 cap_fver=0 cap_frootid=0OUID="root" OGID="root"
type=PROCTITLE msg=audit(1779892894.468:773): proctitle="/usr/lib/apt/methods/https"
type=SYSCALL msg=audit(1779892894.476:774): arch=c000003e syscall=257 success=yes exit=3 a0=ffffff9c a1=7fccef3ca2ac a2=80000 a3=0 items=1 ppid=1035 pid=1045 auid=4294967295 uid=0 gid=0 euid=0 suid=0 fsuid=0 egid=0 sgid=0 fsgid=0 tty=(none) ses=4294967295 comm="https" exe="/usr/lib/apt/methods/http" subj=ubuntu_pro_esm_cache//apt_methods key="passwd_changes"ARCH=x86_64 SYSCALL=openat AUID="unset" UID="root" GID="root" EUID="root" SUID="root" FSUID="root" EGID="root" SGID="root" FSGID="root"
type=CWD msg=audit(1779892894.476:774): cwd="/"
type=PATH msg=audit(1779892894.476:774): item=0 name="/etc/passwd" inode=1050445 dev=08:02 mode=0100644 ouid=0 ogid=0 rdev=00:00 nametype=NORMAL cap_fp=0 cap_fi=0 cap_fe=0 cap_fver=0 cap_frootid=0OUID="root" OGID="root"
type=PROCTITLE msg=audit(1779892894.476:774): proctitle="/usr/lib/apt/methods/https"
type=SYSCALL msg=audit(1779892901.280:775): arch=c000003e syscall=59 success=yes exit=0 a0=560cf4024ea0 a1=560cf402fdd0 a2=7fff55c2f0d0 a3=88 items=2 ppid=1026 pid=1046 auid=1000 uid=0 gid=0 euid=0 suid=0 fsuid=0 egid=0 sgid=0 fsgid=0 tty=pts1 ses=1 comm="dpkg" exe="/usr/bin/dpkg" subj=unconfined key="root_commands"ARCH=x86_64 SYSCALL=execve AUID="alumno" UID="root" GID="root" EUID="root" SUID="root" FSUID="root" EGID="root" SGID="root" FSGID="root"
type=EXECVE msg=audit(1779892901.280:775): argc=2 a0="/usr/bin/dpkg" a1="--print-foreign-architectures"
type=CWD msg=audit(1779892901.280:775): cwd="/home/alumno"
type=PATH msg=audit(1779892901.280:775): item=0 name="/usr/bin/dpkg" inode=1180605 dev=08:02 mode=0100755 ouid=0 ogid=0 rdev=00:00 nametype=NORMAL cap_fp=0 cap_fi=0 cap_fe=0 cap_fver=0 cap_frootid=0OUID="root" OGID="root"
type=PATH msg=audit(1779892901.280:775): item=1 name="/lib64/ld-linux-x86-64.so.2" inode=1189749 dev=08:02 mode=0100755 ouid=0 ogid=0 rdev=00:00 nametype=NORMAL cap_fp=0 cap_fi=0 cap_fe=0 cap_fver=0 cap_frootid=0OUID="root" OGID="root"
type=PROCTITLE msg=audit(1779892901.280:775): proctitle=2F7573722F62696E2F64706B67002D2D7072696E742D666F726569676E2D61726368697465637475726573
type=SERVICE_START msg=audit(1779892901.620:776): pid=1 uid=0 auid=4294967295 ses=4294967295 subj=unconfined msg='unit=apt-news comm="systemd" exe="/usr/lib/systemd/systemd" hostname=? addr=? terminal=? res=success'UID="root" AUID="unset"
type=SERVICE_STOP msg=audit(1779892901.620:777): pid=1 uid=0 auid=4294967295 ses=4294967295 subj=unconfined msg='unit=apt-news comm="systemd" exe="/usr/lib/systemd/systemd" hostname=? addr=? terminal=? res=success'UID="root" AUID="unset"
type=SERVICE_START msg=audit(1779892901.628:778): pid=1 uid=0 auid=4294967295 ses=4294967295 subj=unconfined msg='unit=esm-cache comm="systemd" exe="/usr/lib/systemd/systemd" hostname=? addr=? terminal=? res=success'UID="root" AUID="unset"
type=SERVICE_STOP msg=audit(1779892901.628:779): pid=1 uid=0 auid=4294967295 ses=4294967295 subj=unconfined msg='unit=esm-cache comm="systemd" exe="/usr/lib/systemd/systemd" hostname=? addr=? terminal=? res=success'UID="root" AUID="unset"
type=SYSCALL msg=audit(1779892905.844:780): arch=c000003e syscall=59 success=yes exit=0 a0=560cf40a39e0 a1=560cf407a580 a2=7fff55c2f0d0 a3=88 items=2 ppid=1026 pid=1052 auid=1000 uid=0 gid=0 euid=0 suid=0 fsuid=0 egid=0 sgid=0 fsgid=0 tty=pts1 ses=1 comm="dpkg" exe="/usr/bin/dpkg" subj=unconfined key="root_commands"ARCH=x86_64 SYSCALL=execve AUID="alumno" UID="root" GID="root" EUID="root" SUID="root" FSUID="root" EGID="root" SGID="root" FSGID="root"
type=EXECVE msg=audit(1779892905.844:780): argc=2 a0="/usr/bin/dpkg" a1="--print-foreign-architectures"
type=CWD msg=audit(1779892905.844:780): cwd="/home/alumno"
type=PATH msg=audit(1779892905.844:780): item=0 name="/usr/bin/dpkg" inode=1180605 dev=08:02 mode=0100755 ouid=0 ogid=0 rdev=00:00 nametype=NORMAL cap_fp=0 cap_fi=0 cap_fe=0 cap_fver=0 cap_frootid=0OUID="root" OGID="root"
type=PATH msg=audit(1779892905.844:780): item=1 name="/lib64/ld-linux-x86-64.so.2" inode=1189749 dev=08:02 mode=0100755 ouid=0 ogid=0 rdev=00:00 nametype=NORMAL cap_fp=0 cap_fi=0 cap_fe=0 cap_fver=0 cap_frootid=0OUID="root" OGID="root"
type=PROCTITLE msg=audit(1779892905.844:780): proctitle=2F7573722F62696E2F64706B67002D2D7072696E742D666F726569676E2D61726368697465637475726573
type=USER_END msg=audit(1779892906.264:781): pid=1024 uid=1000 auid=1000 ses=1 subj=unconfined msg='op=PAM:session_close grantors=pam_limits,pam_env,pam_env,pam_permit,pam_umask,pam_unix acct="root" exe="/usr/bin/sudo" hostname=? addr=? terminal=/dev/pts/0 res=success'UID="alumno" AUID="alumno"
type=CRED_DISP msg=audit(1779892906.264:782): pid=1024 uid=1000 auid=1000 ses=1 subj=unconfined msg='op=PAM:setcred grantors=pam_permit acct="root" exe="/usr/bin/sudo" hostname=? addr=? terminal=/dev/pts/0 res=success'UID="alumno" AUID="alumno"
type=SYSCALL msg=audit(1779892937.392:783): arch=c000003e syscall=257 success=yes exit=3 a0=ffffff9c a1=7f8a27dbf2ac a2=80000 a3=0 items=1 ppid=959 pid=1055 auid=1000 uid=1000 gid=1000 euid=0 suid=0 fsuid=0 egid=1000 sgid=1000 fsgid=1000 tty=pts0 ses=1 comm="sudo" exe="/usr/bin/sudo" subj=unconfined key="passwd_changes"ARCH=x86_64 SYSCALL=openat AUID="alumno" UID="alumno" GID="alumno" EUID="root" SUID="root" FSUID="root" EGID="alumno" SGID="alumno" FSGID="alumno"
type=CWD msg=audit(1779892937.392:783): cwd="/home/alumno"
type=PATH msg=audit(1779892937.392:783): item=0 name="/etc/passwd" inode=1050445 dev=08:02 mode=0100644 ouid=0 ogid=0 rdev=00:00 nametype=NORMAL cap_fp=0 cap_fi=0 cap_fe=0 cap_fver=0 cap_frootid=0OUID="root" OGID="root"
type=PROCTITLE msg=audit(1779892937.392:783): proctitle=7375646F006175736561726368002D2D73746172740030352F32372F3236002D2D726177
type=SYSCALL msg=audit(1779892937.396:784): arch=c000003e syscall=257 success=yes exit=5 a0=ffffff9c a1=7f8a27dbf2ac a2=80000 a3=0 items=1 ppid=959 pid=1055 auid=1000 uid=1000 gid=1000 euid=0 suid=0 fsuid=0 egid=1000 sgid=1000 fsgid=1000 tty=pts0 ses=1 comm="sudo" exe="/usr/bin/sudo" subj=unconfined key="passwd_changes"ARCH=x86_64 SYSCALL=openat AUID="alumno" UID="alumno" GID="alumno" EUID="root" SUID="root" FSUID="root" EGID="alumno" SGID="alumno" FSGID="alumno"
type=CWD msg=audit(1779892937.396:784): cwd="/home/alumno"
type=PATH msg=audit(1779892937.396:784): item=0 name="/etc/passwd" inode=1050445 dev=08:02 mode=0100644 ouid=0 ogid=0 rdev=00:00 nametype=NORMAL cap_fp=0 cap_fi=0 cap_fe=0 cap_fver=0 cap_frootid=0OUID="root" OGID="root"
type=PROCTITLE msg=audit(1779892937.396:784): proctitle=7375646F006175736561726368002D2D73746172740030352F32372F3236002D2D726177
type=SYSCALL msg=audit(1779892937.396:785): arch=c000003e syscall=257 success=yes exit=5 a0=ffffff9c a1=7f8a27dbf2ac a2=80000 a3=0 items=1 ppid=959 pid=1055 auid=1000 uid=1000 gid=1000 euid=0 suid=0 fsuid=0 egid=1000 sgid=1000 fsgid=1000 tty=pts0 ses=1 comm="sudo" exe="/usr/bin/sudo" subj=unconfined key="passwd_changes"ARCH=x86_64 SYSCALL=openat AUID="alumno" UID="alumno" GID="alumno" EUID="root" SUID="root" FSUID="root" EGID="alumno" SGID="alumno" FSGID="alumno"
type=CWD msg=audit(1779892937.396:785): cwd="/home/alumno"
type=PATH msg=audit(1779892937.396:785): item=0 name="/etc/passwd" inode=1050445 dev=08:02 mode=0100644 ouid=0 ogid=0 rdev=00:00 nametype=NORMAL cap_fp=0 cap_fi=0 cap_fe=0 cap_fver=0 cap_frootid=0OUID="root" OGID="root"
type=PROCTITLE msg=audit(1779892937.396:785): proctitle=7375646F006175736561726368002D2D73746172740030352F32372F3236002D2D726177
type=SYSCALL msg=audit(1779892937.396:786): arch=c000003e syscall=257 success=yes exit=5 a0=ffffff9c a1=7f8a27830f1e a2=0 a3=0 items=1 ppid=959 pid=1055 auid=1000 uid=0 gid=1000 euid=1 suid=0 fsuid=1 egid=0 sgid=1000 fsgid=0 tty=pts0 ses=1 comm="sudo" exe="/usr/bin/sudo" subj=unconfined key="sudoers_changes"ARCH=x86_64 SYSCALL=openat AUID="alumno" UID="root" GID="alumno" EUID="daemon" SUID="root" FSUID="daemon" EGID="root" SGID="alumno" FSGID="root"
type=CWD msg=audit(1779892937.396:786): cwd="/home/alumno"
type=PATH msg=audit(1779892937.396:786): item=0 name="/etc/sudoers" inode=1050110 dev=08:02 mode=0100440 ouid=0 ogid=0 rdev=00:00 nametype=NORMAL cap_fp=0 cap_fi=0 cap_fe=0 cap_fver=0 cap_frootid=0OUID="root" OGID="root"
type=PROCTITLE msg=audit(1779892937.396:786): proctitle=7375646F006175736561726368002D2D73746172740030352F32372F3236002D2D726177
type=SYSCALL msg=audit(1779892937.396:787): arch=c000003e syscall=257 success=yes exit=7 a0=ffffff9c a1=7f8a27dbf2ac a2=80000 a3=0 items=1 ppid=959 pid=1055 auid=1000 uid=1000 gid=1000 euid=0 suid=0 fsuid=0 egid=1000 sgid=1000 fsgid=1000 tty=pts0 ses=1 comm="sudo" exe="/usr/bin/sudo" subj=unconfined key="passwd_changes"ARCH=x86_64 SYSCALL=openat AUID="alumno" UID="alumno" GID="alumno" EUID="root" SUID="root" FSUID="root" EGID="alumno" SGID="alumno" FSGID="alumno"
type=CWD msg=audit(1779892937.396:787): cwd="/home/alumno"
type=PATH msg=audit(1779892937.396:787): item=0 name="/etc/passwd" inode=1050445 dev=08:02 mode=0100644 ouid=0 ogid=0 rdev=00:00 nametype=NORMAL cap_fp=0 cap_fi=0 cap_fe=0 cap_fver=0 cap_frootid=0OUID="root" OGID="root"
type=PROCTITLE msg=audit(1779892937.396:787): proctitle=7375646F006175736561726368002D2D73746172740030352F32372F3236002D2D726177
type=SYSCALL msg=audit(1779892937.400:788): arch=c000003e syscall=257 success=yes exit=7 a0=ffffff9c a1=7f8a27dbf2c4 a2=80000 a3=0 items=1 ppid=959 pid=1055 auid=1000 uid=1000 gid=1000 euid=0 suid=0 fsuid=0 egid=1000 sgid=1000 fsgid=1000 tty=pts0 ses=1 comm="sudo" exe="/usr/bin/sudo" subj=unconfined key="shadow_access"ARCH=x86_64 SYSCALL=openat AUID="alumno" UID="alumno" GID="alumno" EUID="root" SUID="root" FSUID="root" EGID="alumno" SGID="alumno" FSGID="alumno"
type=CWD msg=audit(1779892937.400:788): cwd="/home/alumno"
type=PATH msg=audit(1779892937.400:788): item=0 name="/etc/shadow" inode=1049984 dev=08:02 mode=0100640 ouid=0 ogid=42 rdev=00:00 nametype=NORMAL cap_fp=0 cap_fi=0 cap_fe=0 cap_fver=0 cap_frootid=0OUID="root" OGID="shadow"
type=PROCTITLE msg=audit(1779892937.400:788): proctitle=7375646F006175736561726368002D2D73746172740030352F32372F3236002D2D726177
type=USER_ACCT msg=audit(1779892937.400:789): pid=1055 uid=1000 auid=1000 ses=1 subj=unconfined msg='op=PAM:accounting grantors=pam_permit acct="alumno" exe="/usr/bin/sudo" hostname=? addr=? terminal=/dev/pts/0 res=success'UID="alumno" AUID="alumno"
type=SYSCALL msg=audit(1779892937.400:790): arch=c000003e syscall=257 success=yes exit=6 a0=ffffff9c a1=7f8a27dbf2ac a2=80000 a3=0 items=1 ppid=959 pid=1055 auid=1000 uid=1000 gid=1000 euid=0 suid=0 fsuid=0 egid=1000 sgid=1000 fsgid=1000 tty=pts0 ses=1 comm="sudo" exe="/usr/bin/sudo" subj=unconfined key="passwd_changes"ARCH=x86_64 SYSCALL=openat AUID="alumno" UID="alumno" GID="alumno" EUID="root" SUID="root" FSUID="root" EGID="alumno" SGID="alumno" FSGID="alumno"
type=CWD msg=audit(1779892937.400:790): cwd="/home/alumno"
type=PATH msg=audit(1779892937.400:790): item=0 name="/etc/passwd" inode=1050445 dev=08:02 mode=0100644 ouid=0 ogid=0 rdev=00:00 nametype=NORMAL cap_fp=0 cap_fi=0 cap_fe=0 cap_fver=0 cap_frootid=0OUID="root" OGID="root"
type=PROCTITLE msg=audit(1779892937.400:790): proctitle=7375646F006175736561726368002D2D73746172740030352F32372F3236002D2D726177
type=USER_CMD msg=audit(1779892937.400:791): pid=1055 uid=1000 auid=1000 ses=1 subj=unconfined msg='cwd="/home/alumno" cmd=6175736561726368202D2D73746172742030352F32372F3236202D2D726177 exe="/usr/bin/sudo" terminal=pts/0 res=success'UID="alumno" AUID="alumno"
type=SYSCALL msg=audit(1779892937.400:792): arch=c000003e syscall=257 success=yes exit=8 a0=ffffff9c a1=7f8a27dbf2ac a2=80000 a3=0 items=1 ppid=959 pid=1055 auid=1000 uid=1000 gid=1000 euid=0 suid=0 fsuid=0 egid=1000 sgid=1000 fsgid=1000 tty=pts0 ses=1 comm="sudo" exe="/usr/bin/sudo" subj=unconfined key="passwd_changes"ARCH=x86_64 SYSCALL=openat AUID="alumno" UID="alumno" GID="alumno" EUID="root" SUID="root" FSUID="root" EGID="alumno" SGID="alumno" FSGID="alumno"
type=CWD msg=audit(1779892937.400:792): cwd="/home/alumno"
type=PATH msg=audit(1779892937.400:792): item=0 name="/etc/passwd" inode=1050445 dev=08:02 mode=0100644 ouid=0 ogid=0 rdev=00:00 nametype=NORMAL cap_fp=0 cap_fi=0 cap_fe=0 cap_fver=0 cap_frootid=0OUID="root" OGID="root"
type=PROCTITLE msg=audit(1779892937.400:792): proctitle=7375646F006175736561726368002D2D73746172740030352F32372F3236002D2D726177
type=SYSCALL msg=audit(1779892937.400:793): arch=c000003e syscall=257 success=yes exit=13 a0=ffffff9c a1=7f8a27dbf2ac a2=80000 a3=0 items=1 ppid=959 pid=1055 auid=1000 uid=1000 gid=0 euid=0 suid=0 fsuid=0 egid=0 sgid=0 fsgid=0 tty=pts0 ses=1 comm="sudo" exe="/usr/bin/sudo" subj=unconfined key="passwd_changes"ARCH=x86_64 SYSCALL=openat AUID="alumno" UID="alumno" GID="root" EUID="root" SUID="root" FSUID="root" EGID="root" SGID="root" FSGID="root"
type=CWD msg=audit(1779892937.400:793): cwd="/home/alumno"
type=PATH msg=audit(1779892937.400:793): item=0 name="/etc/passwd" inode=1050445 dev=08:02 mode=0100644 ouid=0 ogid=0 rdev=00:00 nametype=NORMAL cap_fp=0 cap_fi=0 cap_fe=0 cap_fver=0 cap_frootid=0OUID="root" OGID="root"
type=PROCTITLE msg=audit(1779892937.400:793): proctitle=7375646F006175736561726368002D2D73746172740030352F32372F3236002D2D726177
type=CRED_REFR msg=audit(1779892937.400:794): pid=1055 uid=1000 auid=1000 ses=1 subj=unconfined msg='op=PAM:setcred grantors=pam_permit,pam_cap acct="root" exe="/usr/bin/sudo" hostname=? addr=? terminal=/dev/pts/0 res=success'UID="alumno" AUID="alumno"
type=SYSCALL msg=audit(1779892937.400:795): arch=c000003e syscall=257 success=yes exit=13 a0=ffffff9c a1=7f8a27dbf2ac a2=80000 a3=0 items=1 ppid=959 pid=1055 auid=1000 uid=1000 gid=0 euid=0 suid=0 fsuid=0 egid=0 sgid=0 fsgid=0 tty=pts0 ses=1 comm="sudo" exe="/usr/bin/sudo" subj=unconfined key="passwd_changes"ARCH=x86_64 SYSCALL=openat AUID="alumno" UID="alumno" GID="root" EUID="root" SUID="root" FSUID="root" EGID="root" SGID="root" FSGID="root"
type=CWD msg=audit(1779892937.400:795): cwd="/home/alumno"
type=PATH msg=audit(1779892937.400:795): item=0 name="/etc/passwd" inode=1050445 dev=08:02 mode=0100644 ouid=0 ogid=0 rdev=00:00 nametype=NORMAL cap_fp=0 cap_fi=0 cap_fe=0 cap_fver=0 cap_frootid=0OUID="root" OGID="root"
type=PROCTITLE msg=audit(1779892937.400:795): proctitle=7375646F006175736561726368002D2D73746172740030352F32372F3236002D2D726177
type=SYSCALL msg=audit(1779892937.400:796): arch=c000003e syscall=257 success=yes exit=13 a0=ffffff9c a1=7f8a27dbf2ac a2=80000 a3=0 items=1 ppid=959 pid=1055 auid=1000 uid=1000 gid=0 euid=0 suid=0 fsuid=0 egid=0 sgid=0 fsgid=0 tty=pts0 ses=1 comm="sudo" exe="/usr/bin/sudo" subj=unconfined key="passwd_changes"ARCH=x86_64 SYSCALL=openat AUID="alumno" UID="alumno" GID="root" EUID="root" SUID="root" FSUID="root" EGID="root" SGID="root" FSGID="root"
type=CWD msg=audit(1779892937.400:796): cwd="/home/alumno"
type=PATH msg=audit(1779892937.400:796): item=0 name="/etc/passwd" inode=1050445 dev=08:02 mode=0100644 ouid=0 ogid=0 rdev=00:00 nametype=NORMAL cap_fp=0 cap_fi=0 cap_fe=0 cap_fver=0 cap_frootid=0OUID="root" OGID="root"
type=PROCTITLE msg=audit(1779892937.400:796): proctitle=7375646F006175736561726368002D2D73746172740030352F32372F3236002D2D726177
type=SYSCALL msg=audit(1779892937.400:797): arch=c000003e syscall=257 success=yes exit=13 a0=ffffff9c a1=7f8a27dbf2ac a2=80000 a3=0 items=1 ppid=959 pid=1055 auid=1000 uid=1000 gid=0 euid=0 suid=0 fsuid=0 egid=0 sgid=0 fsgid=0 tty=pts0 ses=1 comm="sudo" exe="/usr/bin/sudo" subj=unconfined key="passwd_changes"ARCH=x86_64 SYSCALL=openat AUID="alumno" UID="alumno" GID="root" EUID="root" SUID="root" FSUID="root" EGID="root" SGID="root" FSGID="root"
type=CWD msg=audit(1779892937.400:797): cwd="/home/alumno"
type=PATH msg=audit(1779892937.400:797): item=0 name="/etc/passwd" inode=1050445 dev=08:02 mode=0100644 ouid=0 ogid=0 rdev=00:00 nametype=NORMAL cap_fp=0 cap_fi=0 cap_fe=0 cap_fver=0 cap_frootid=0OUID="root" OGID="root"
type=PROCTITLE msg=audit(1779892937.400:797): proctitle=7375646F006175736561726368002D2D73746172740030352F32372F3236002D2D726177
type=USER_START msg=audit(1779892937.400:798): pid=1055 uid=1000 auid=1000 ses=1 subj=unconfined msg='op=PAM:session_open grantors=pam_limits,pam_env,pam_env,pam_permit,pam_umask,pam_unix acct="root" exe="/usr/bin/sudo" hostname=? addr=? terminal=/dev/pts/0 res=success'UID="alumno" AUID="alumno"
type=SYSCALL msg=audit(1779892937.400:799): arch=c000003e syscall=59 success=yes exit=0 a0=55f8c2e31448 a1=55f8c2e235c0 a2=55f8c2e365d0 a3=0 items=2 ppid=1056 pid=1057 auid=1000 uid=0 gid=0 euid=0 suid=0 fsuid=0 egid=0 sgid=0 fsgid=0 tty=pts1 ses=1 comm="ausearch" exe="/usr/sbin/ausearch" subj=unconfined key="root_commands"ARCH=x86_64 SYSCALL=execve AUID="alumno" UID="root" GID="root" EUID="root" SUID="root" FSUID="root" EGID="root" SGID="root" FSGID="root"
type=EXECVE msg=audit(1779892937.400:799): argc=4 a0="ausearch" a1="--start" a2="05/27/26" a3="--raw"
type=CWD msg=audit(1779892937.400:799): cwd="/home/alumno"
type=PATH msg=audit(1779892937.400:799): item=0 name="/usr/sbin/ausearch" inode=1221555 dev=08:02 mode=0100755 ouid=0 ogid=0 rdev=00:00 nametype=NORMAL cap_fp=0 cap_fi=0 cap_fe=0 cap_fver=0 cap_frootid=0OUID="root" OGID="root"
type=PATH msg=audit(1779892937.400:799): item=1 name="/lib64/ld-linux-x86-64.so.2" inode=1189749 dev=08:02 mode=0100755 ouid=0 ogid=0 rdev=00:00 nametype=NORMAL cap_fp=0 cap_fi=0 cap_fe=0 cap_fver=0 cap_frootid=0OUID="root" OGID="root"
type=PROCTITLE msg=audit(1779892937.400:799): proctitle=6175736561726368002D2D73746172740030352F32372F3236002D2D726177
type=USER_END msg=audit(1779892937.920:800): pid=1055 uid=1000 auid=1000 ses=1 subj=unconfined msg='op=PAM:session_close grantors=pam_limits,pam_env,pam_env,pam_permit,pam_umask,pam_unix acct="root" exe="/usr/bin/sudo" hostname=? addr=? terminal=/dev/pts/0 res=success'UID="alumno" AUID="alumno"
type=CRED_DISP msg=audit(1779892937.920:801): pid=1055 uid=1000 auid=1000 ses=1 subj=unconfined msg='op=PAM:setcred grantors=pam_permit acct="root" exe="/usr/bin/sudo" hostname=? addr=? terminal=/dev/pts/0 res=success'UID="alumno" AUID="alumno"
type=SYSCALL msg=audit(1779893136.188:802): arch=c000003e syscall=257 success=yes exit=3 a0=ffffff9c a1=7fa4574312ac a2=80000 a3=0 items=1 ppid=959 pid=1058 auid=1000 uid=1000 gid=1000 euid=0 suid=0 fsuid=0 egid=1000 sgid=1000 fsgid=1000 tty=pts0 ses=1 comm="sudo" exe="/usr/bin/sudo" subj=unconfined key="passwd_changes"ARCH=x86_64 SYSCALL=openat AUID="alumno" UID="alumno" GID="alumno" EUID="root" SUID="root" FSUID="root" EGID="alumno" SGID="alumno" FSGID="alumno"
type=CWD msg=audit(1779893136.188:802): cwd="/home/alumno"
type=PATH msg=audit(1779893136.188:802): item=0 name="/etc/passwd" inode=1050445 dev=08:02 mode=0100644 ouid=0 ogid=0 rdev=00:00 nametype=NORMAL cap_fp=0 cap_fi=0 cap_fe=0 cap_fver=0 cap_frootid=0OUID="root" OGID="root"
type=PROCTITLE msg=audit(1779893136.188:802): proctitle=7375646F006175736561726368002D2D737461727400726563656E74002D2D726177
type=SYSCALL msg=audit(1779893136.188:803): arch=c000003e syscall=257 success=yes exit=5 a0=ffffff9c a1=7fa4574312ac a2=80000 a3=0 items=1 ppid=959 pid=1058 auid=1000 uid=1000 gid=1000 euid=0 suid=0 fsuid=0 egid=1000 sgid=1000 fsgid=1000 tty=pts0 ses=1 comm="sudo" exe="/usr/bin/sudo" subj=unconfined key="passwd_changes"ARCH=x86_64 SYSCALL=openat AUID="alumno" UID="alumno" GID="alumno" EUID="root" SUID="root" FSUID="root" EGID="alumno" SGID="alumno" FSGID="alumno"
type=CWD msg=audit(1779893136.188:803): cwd="/home/alumno"
type=PATH msg=audit(1779893136.188:803): item=0 name="/etc/passwd" inode=1050445 dev=08:02 mode=0100644 ouid=0 ogid=0 rdev=00:00 nametype=NORMAL cap_fp=0 cap_fi=0 cap_fe=0 cap_fver=0 cap_frootid=0OUID="root" OGID="root"
type=PROCTITLE msg=audit(1779893136.188:803): proctitle=7375646F006175736561726368002D2D737461727400726563656E74002D2D726177
type=SYSCALL msg=audit(1779893136.188:804): arch=c000003e syscall=257 success=yes exit=5 a0=ffffff9c a1=7fa4574312ac a2=80000 a3=0 items=1 ppid=959 pid=1058 auid=1000 uid=1000 gid=1000 euid=0 suid=0 fsuid=0 egid=1000 sgid=1000 fsgid=1000 tty=pts0 ses=1 comm="sudo" exe="/usr/bin/sudo" subj=unconfined key="passwd_changes"ARCH=x86_64 SYSCALL=openat AUID="alumno" UID="alumno" GID="alumno" EUID="root" SUID="root" FSUID="root" EGID="alumno" SGID="alumno" FSGID="alumno"
type=CWD msg=audit(1779893136.188:804): cwd="/home/alumno"
type=PATH msg=audit(1779893136.188:804): item=0 name="/etc/passwd" inode=1050445 dev=08:02 mode=0100644 ouid=0 ogid=0 rdev=00:00 nametype=NORMAL cap_fp=0 cap_fi=0 cap_fe=0 cap_fver=0 cap_frootid=0OUID="root" OGID="root"
type=PROCTITLE msg=audit(1779893136.188:804): proctitle=7375646F006175736561726368002D2D737461727400726563656E74002D2D726177
type=SYSCALL msg=audit(1779893136.188:805): arch=c000003e syscall=257 success=yes exit=5 a0=ffffff9c a1=7fa456ea2f1e a2=0 a3=0 items=1 ppid=959 pid=1058 auid=1000 uid=0 gid=1000 euid=1 suid=0 fsuid=1 egid=0 sgid=1000 fsgid=0 tty=pts0 ses=1 comm="sudo" exe="/usr/bin/sudo" subj=unconfined key="sudoers_changes"ARCH=x86_64 SYSCALL=openat AUID="alumno" UID="root" GID="alumno" EUID="daemon" SUID="root" FSUID="daemon" EGID="root" SGID="alumno" FSGID="root"
type=CWD msg=audit(1779893136.188:805): cwd="/home/alumno"
type=PATH msg=audit(1779893136.188:805): item=0 name="/etc/sudoers" inode=1050110 dev=08:02 mode=0100440 ouid=0 ogid=0 rdev=00:00 nametype=NORMAL cap_fp=0 cap_fi=0 cap_fe=0 cap_fver=0 cap_frootid=0OUID="root" OGID="root"
type=PROCTITLE msg=audit(1779893136.188:805): proctitle=7375646F006175736561726368002D2D737461727400726563656E74002D2D726177
type=SYSCALL msg=audit(1779893136.192:806): arch=c000003e syscall=257 success=yes exit=7 a0=ffffff9c a1=7fa4574312ac a2=80000 a3=0 items=1 ppid=959 pid=1058 auid=1000 uid=1000 gid=1000 euid=0 suid=0 fsuid=0 egid=1000 sgid=1000 fsgid=1000 tty=pts0 ses=1 comm="sudo" exe="/usr/bin/sudo" subj=unconfined key="passwd_changes"ARCH=x86_64 SYSCALL=openat AUID="alumno" UID="alumno" GID="alumno" EUID="root" SUID="root" FSUID="root" EGID="alumno" SGID="alumno" FSGID="alumno"
type=CWD msg=audit(1779893136.192:806): cwd="/home/alumno"
type=PATH msg=audit(1779893136.192:806): item=0 name="/etc/passwd" inode=1050445 dev=08:02 mode=0100644 ouid=0 ogid=0 rdev=00:00 nametype=NORMAL cap_fp=0 cap_fi=0 cap_fe=0 cap_fver=0 cap_frootid=0OUID="root" OGID="root"
type=PROCTITLE msg=audit(1779893136.192:806): proctitle=7375646F006175736561726368002D2D737461727400726563656E74002D2D726177
type=SYSCALL msg=audit(1779893136.192:807): arch=c000003e syscall=257 success=yes exit=7 a0=ffffff9c a1=7fa4574312c4 a2=80000 a3=0 items=1 ppid=959 pid=1058 auid=1000 uid=1000 gid=1000 euid=0 suid=0 fsuid=0 egid=1000 sgid=1000 fsgid=1000 tty=pts0 ses=1 comm="sudo" exe="/usr/bin/sudo" subj=unconfined key="shadow_access"ARCH=x86_64 SYSCALL=openat AUID="alumno" UID="alumno" GID="alumno" EUID="root" SUID="root" FSUID="root" EGID="alumno" SGID="alumno" FSGID="alumno"
type=CWD msg=audit(1779893136.192:807): cwd="/home/alumno"
type=PATH msg=audit(1779893136.192:807): item=0 name="/etc/shadow" inode=1049984 dev=08:02 mode=0100640 ouid=0 ogid=42 rdev=00:00 nametype=NORMAL cap_fp=0 cap_fi=0 cap_fe=0 cap_fver=0 cap_frootid=0OUID="root" OGID="shadow"
type=PROCTITLE msg=audit(1779893136.192:807): proctitle=7375646F006175736561726368002D2D737461727400726563656E74002D2D726177
type=USER_ACCT msg=audit(1779893136.192:808): pid=1058 uid=1000 auid=1000 ses=1 subj=unconfined msg='op=PAM:accounting grantors=pam_permit acct="alumno" exe="/usr/bin/sudo" hostname=? addr=? terminal=/dev/pts/0 res=success'UID="alumno" AUID="alumno"
type=SYSCALL msg=audit(1779893136.192:809): arch=c000003e syscall=257 success=yes exit=6 a0=ffffff9c a1=7fa4574312ac a2=80000 a3=0 items=1 ppid=959 pid=1058 auid=1000 uid=1000 gid=1000 euid=0 suid=0 fsuid=0 egid=1000 sgid=1000 fsgid=1000 tty=pts0 ses=1 comm="sudo" exe="/usr/bin/sudo" subj=unconfined key="passwd_changes"ARCH=x86_64 SYSCALL=openat AUID="alumno" UID="alumno" GID="alumno" EUID="root" SUID="root" FSUID="root" EGID="alumno" SGID="alumno" FSGID="alumno"
type=CWD msg=audit(1779893136.192:809): cwd="/home/alumno"
type=PATH msg=audit(1779893136.192:809): item=0 name="/etc/passwd" inode=1050445 dev=08:02 mode=0100644 ouid=0 ogid=0 rdev=00:00 nametype=NORMAL cap_fp=0 cap_fi=0 cap_fe=0 cap_fver=0 cap_frootid=0OUID="root" OGID="root"
type=PROCTITLE msg=audit(1779893136.192:809): proctitle=7375646F006175736561726368002D2D737461727400726563656E74002D2D726177
type=USER_CMD msg=audit(1779893136.192:810): pid=1058 uid=1000 auid=1000 ses=1 subj=unconfined msg='cwd="/home/alumno" cmd=6175736561726368202D2D737461727420726563656E74202D2D726177 exe="/usr/bin/sudo" terminal=pts/0 res=success'UID="alumno" AUID="alumno"
type=SYSCALL msg=audit(1779893136.192:811): arch=c000003e syscall=257 success=yes exit=8 a0=ffffff9c a1=7fa4574312ac a2=80000 a3=0 items=1 ppid=959 pid=1058 auid=1000 uid=1000 gid=1000 euid=0 suid=0 fsuid=0 egid=1000 sgid=1000 fsgid=1000 tty=pts0 ses=1 comm="sudo" exe="/usr/bin/sudo" subj=unconfined key="passwd_changes"ARCH=x86_64 SYSCALL=openat AUID="alumno" UID="alumno" GID="alumno" EUID="root" SUID="root" FSUID="root" EGID="alumno" SGID="alumno" FSGID="alumno"
type=CWD msg=audit(1779893136.192:811): cwd="/home/alumno"
type=PATH msg=audit(1779893136.192:811): item=0 name="/etc/passwd" inode=1050445 dev=08:02 mode=0100644 ouid=0 ogid=0 rdev=00:00 nametype=NORMAL cap_fp=0 cap_fi=0 cap_fe=0 cap_fver=0 cap_frootid=0OUID="root" OGID="root"
type=PROCTITLE msg=audit(1779893136.192:811): proctitle=7375646F006175736561726368002D2D737461727400726563656E74002D2D726177
type=SYSCALL msg=audit(1779893136.192:812): arch=c000003e syscall=257 success=yes exit=13 a0=ffffff9c a1=7fa4574312ac a2=80000 a3=0 items=1 ppid=959 pid=1058 auid=1000 uid=1000 gid=0 euid=0 suid=0 fsuid=0 egid=0 sgid=0 fsgid=0 tty=pts0 ses=1 comm="sudo" exe="/usr/bin/sudo" subj=unconfined key="passwd_changes"ARCH=x86_64 SYSCALL=openat AUID="alumno" UID="alumno" GID="root" EUID="root" SUID="root" FSUID="root" EGID="root" SGID="root" FSGID="root"
type=CWD msg=audit(1779893136.192:812): cwd="/home/alumno"
type=PATH msg=audit(1779893136.192:812): item=0 name="/etc/passwd" inode=1050445 dev=08:02 mode=0100644 ouid=0 ogid=0 rdev=00:00 nametype=NORMAL cap_fp=0 cap_fi=0 cap_fe=0 cap_fver=0 cap_frootid=0OUID="root" OGID="root"
type=PROCTITLE msg=audit(1779893136.192:812): proctitle=7375646F006175736561726368002D2D737461727400726563656E74002D2D726177
type=CRED_REFR msg=audit(1779893136.192:813): pid=1058 uid=1000 auid=1000 ses=1 subj=unconfined msg='op=PAM:setcred grantors=pam_permit,pam_cap acct="root" exe="/usr/bin/sudo" hostname=? addr=? terminal=/dev/pts/0 res=success'UID="alumno" AUID="alumno"
type=SYSCALL msg=audit(1779893136.192:814): arch=c000003e syscall=257 success=yes exit=13 a0=ffffff9c a1=7fa4574312ac a2=80000 a3=0 items=1 ppid=959 pid=1058 auid=1000 uid=1000 gid=0 euid=0 suid=0 fsuid=0 egid=0 sgid=0 fsgid=0 tty=pts0 ses=1 comm="sudo" exe="/usr/bin/sudo" subj=unconfined key="passwd_changes"ARCH=x86_64 SYSCALL=openat AUID="alumno" UID="alumno" GID="root" EUID="root" SUID="root" FSUID="root" EGID="root" SGID="root" FSGID="root"
type=CWD msg=audit(1779893136.192:814): cwd="/home/alumno"
type=PATH msg=audit(1779893136.192:814): item=0 name="/etc/passwd" inode=1050445 dev=08:02 mode=0100644 ouid=0 ogid=0 rdev=00:00 nametype=NORMAL cap_fp=0 cap_fi=0 cap_fe=0 cap_fver=0 cap_frootid=0OUID="root" OGID="root"
type=PROCTITLE msg=audit(1779893136.192:814): proctitle=7375646F006175736561726368002D2D737461727400726563656E74002D2D726177
type=SYSCALL msg=audit(1779893136.192:815): arch=c000003e syscall=257 success=yes exit=13 a0=ffffff9c a1=7fa4574312ac a2=80000 a3=0 items=1 ppid=959 pid=1058 auid=1000 uid=1000 gid=0 euid=0 suid=0 fsuid=0 egid=0 sgid=0 fsgid=0 tty=pts0 ses=1 comm="sudo" exe="/usr/bin/sudo" subj=unconfined key="passwd_changes"ARCH=x86_64 SYSCALL=openat AUID="alumno" UID="alumno" GID="root" EUID="root" SUID="root" FSUID="root" EGID="root" SGID="root" FSGID="root"
type=CWD msg=audit(1779893136.192:815): cwd="/home/alumno"
type=PATH msg=audit(1779893136.192:815): item=0 name="/etc/passwd" inode=1050445 dev=08:02 mode=0100644 ouid=0 ogid=0 rdev=00:00 nametype=NORMAL cap_fp=0 cap_fi=0 cap_fe=0 cap_fver=0 cap_frootid=0OUID="root" OGID="root"
type=PROCTITLE msg=audit(1779893136.192:815): proctitle=7375646F006175736561726368002D2D737461727400726563656E74002D2D726177
type=SYSCALL msg=audit(1779893136.196:816): arch=c000003e syscall=257 success=yes exit=13 a0=ffffff9c a1=7fa4574312ac a2=80000 a3=0 items=1 ppid=959 pid=1058 auid=1000 uid=1000 gid=0 euid=0 suid=0 fsuid=0 egid=0 sgid=0 fsgid=0 tty=pts0 ses=1 comm="sudo" exe="/usr/bin/sudo" subj=unconfined key="passwd_changes"ARCH=x86_64 SYSCALL=openat AUID="alumno" UID="alumno" GID="root" EUID="root" SUID="root" FSUID="root" EGID="root" SGID="root" FSGID="root"
type=CWD msg=audit(1779893136.196:816): cwd="/home/alumno"
type=PATH msg=audit(1779893136.196:816): item=0 name="/etc/passwd" inode=1050445 dev=08:02 mode=0100644 ouid=0 ogid=0 rdev=00:00 nametype=NORMAL cap_fp=0 cap_fi=0 cap_fe=0 cap_fver=0 cap_frootid=0OUID="root" OGID="root"
type=PROCTITLE msg=audit(1779893136.196:816): proctitle=7375646F006175736561726368002D2D737461727400726563656E74002D2D726177
type=USER_START msg=audit(1779893136.196:817): pid=1058 uid=1000 auid=1000 ses=1 subj=unconfined msg='op=PAM:session_open grantors=pam_limits,pam_env,pam_env,pam_permit,pam_umask,pam_unix acct="root" exe="/usr/bin/sudo" hostname=? addr=? terminal=/dev/pts/0 res=success'UID="alumno" AUID="alumno"
type=SYSCALL msg=audit(1779893136.196:818): arch=c000003e syscall=59 success=yes exit=0 a0=556f9eaaa0a8 a1=556f9ea9c5c0 a2=556f9eaaf1c0 a3=0 items=2 ppid=1059 pid=1060 auid=1000 uid=0 gid=0 euid=0 suid=0 fsuid=0 egid=0 sgid=0 fsgid=0 tty=pts1 ses=1 comm="ausearch" exe="/usr/sbin/ausearch" subj=unconfined key="root_commands"ARCH=x86_64 SYSCALL=execve AUID="alumno" UID="root" GID="root" EUID="root" SUID="root" FSUID="root" EGID="root" SGID="root" FSGID="root"
type=EXECVE msg=audit(1779893136.196:818): argc=4 a0="ausearch" a1="--start" a2="recent" a3="--raw"
type=CWD msg=audit(1779893136.196:818): cwd="/home/alumno"
type=PATH msg=audit(1779893136.196:818): item=0 name="/usr/sbin/ausearch" inode=1221555 dev=08:02 mode=0100755 ouid=0 ogid=0 rdev=00:00 nametype=NORMAL cap_fp=0 cap_fi=0 cap_fe=0 cap_fver=0 cap_frootid=0OUID="root" OGID="root"
type=PATH msg=audit(1779893136.196:818): item=1 name="/lib64/ld-linux-x86-64.so.2" inode=1189749 dev=08:02 mode=0100755 ouid=0 ogid=0 rdev=00:00 nametype=NORMAL cap_fp=0 cap_fi=0 cap_fe=0 cap_fver=0 cap_frootid=0OUID="root" OGID="root"
type=PROCTITLE msg=audit(1779893136.196:818): proctitle=6175736561726368002D2D737461727400726563656E74002D2D726177
